,track_id,seg_id
0,1876,0
1,1876,1
2,1876,2
3,1876,3
4,1876,4
5,1876,5
6,1876,6
7,1876,7
8,1876,8
9,1876,9
10,1876,10
11,1876,11
12,1876,12
13,1876,13
14,1876,14
15,1876,15
16,1876,16
17,1876,17
18,1876,18
19,1876,19
20,1876,20
21,1876,21
22,1876,22
23,1876,23
24,1876,24
25,1877,0
26,1877,1
27,1877,2
28,1877,3
29,1877,4
30,1877,5
31,1877,6
32,1877,7
33,1877,8
34,1877,9
35,1877,10
36,1877,11
37,1877,12
38,1877,13
39,1877,14
40,1877,15
41,1877,16
42,1877,17
43,1877,18
44,1877,19
45,1877,20
46,1877,21
47,1877,22
48,1877,23
49,1877,24
50,1878,0
51,1878,1
52,1878,2
53,1878,3
54,1878,4
55,1878,5
56,1878,6
57,1878,7
58,1878,8
59,1878,9
60,1878,10
61,1878,11
62,1878,12
63,1878,13
64,1878,14
65,1878,15
66,1878,16
67,1878,17
68,1878,18
69,1878,19
70,1878,20
71,1878,21
72,1878,22
73,1878,23
74,1878,24
75,1878,25
76,1878,26
77,1878,27
78,1878,28
79,1879,0
80,1879,1
81,1879,2
82,1879,3
83,1879,4
84,1879,5
85,1879,6
86,1879,7
87,1879,8
88,1879,9
89,1879,10
90,1879,11
91,1879,12
92,1879,13
93,1879,14
94,1879,15
95,1879,16
96,1879,17
97,1879,18
98,1879,19
99,1879,20
100,1879,21
101,1879,22
102,1879,23
103,1879,24
104,1879,25
105,1880,0
106,1880,1
107,1880,2
108,1880,3
109,1880,4
110,1880,5
111,1880,6
112,1880,7
113,1880,8
114,1880,9
115,1880,10
116,1880,11
117,1880,12
118,1880,13
119,1880,14
120,1880,15
121,1880,16
122,1880,17
123,1880,18
124,1880,19
125,1880,20
126,1880,21
127,1880,22
128,1880,23
129,1881,0
130,1881,1
131,1881,2
132,1881,3
133,1881,4
134,1881,5
135,1881,6
136,1881,7
137,1881,8
138,1881,9
139,1881,10
140,1881,11
141,1881,12
142,1881,13
143,1881,14
144,1881,15
145,1881,16
146,1881,17
147,1881,18
148,1881,19
149,1881,20
150,1881,21
151,1881,22
152,1881,23
153,1881,24
154,1881,25
155,1881,26
156,1881,27
157,1881,28
158,1881,29
159,1881,30
160,1881,31
161,1881,32
162,1881,33
163,1881,34
164,1881,35
165,1881,36
166,1881,37
167,1882,0
168,1882,1
169,1882,2
170,1882,3
171,1882,4
172,1882,5
173,1882,6
174,1882,7
175,1882,8
176,1882,9
177,1882,10
178,1882,11
179,1882,12
180,1882,13
181,1882,14
182,1882,15
183,1882,16
184,1882,17
185,1882,18
186,1882,19
187,1882,20
188,1882,21
189,1882,22
190,1882,23
191,1882,24
192,1882,25
193,1882,26
194,1882,27
195,1883,0
196,1883,1
197,1883,2
198,1883,3
199,1883,4
200,1883,5
201,1883,6
202,1883,7
203,1883,8
204,1883,9
205,1883,10
206,1883,11
207,1883,12
208,1883,13
209,1883,14
210,1883,15
211,1883,16
212,1883,17
213,1883,18
214,1883,19
215,1883,20
216,1883,21
217,1884,0
218,1884,1
219,1884,2
220,1884,3
221,1884,4
222,1884,5
223,1884,6
224,1884,7
225,1884,8
226,1884,9
227,1884,10
228,1884,11
229,1884,12
230,1884,13
231,1884,14
232,1884,15
233,1884,16
234,1884,17
235,1884,18
236,1884,19
237,1884,20
238,1884,21
239,1884,22
240,1884,23
241,1884,24
242,1884,25
243,1884,26
244,1884,27
245,1884,28
246,1884,29
247,1884,30
248,1884,31
249,1884,32
250,1884,33
251,1885,0
252,1885,1
253,1885,2
254,1885,3
255,1885,4
256,1885,5
257,1885,6
258,1885,7
259,1885,8
260,1885,9
261,1885,10
262,1885,11
263,1885,12
264,1885,13
265,1885,14
266,1885,15
267,1885,16
268,1885,17
269,1885,18
270,1885,19
271,1885,20
272,1885,21
273,1885,22
274,1885,23
275,1885,24
276,1885,25
277,1885,26
278,1885,27
279,1885,28
280,1885,29
281,1886,0
282,1886,1
283,1886,2
284,1886,3
285,1886,4
286,1886,5
287,1886,6
288,1886,7
289,1886,8
290,1886,9
291,1886,10
292,1886,11
293,1886,12
294,1886,13
295,1886,14
296,1886,15
297,1886,16
298,1886,17
299,1886,18
300,1886,19
301,1886,20
302,1886,21
303,1886,22
304,1886,23
305,1886,24
306,1886,25
307,1887,0
308,1887,1
309,1887,2
310,1887,3
311,1887,4
312,1887,5
313,1887,6
314,1887,7
315,1887,8
316,1887,9
317,1887,10
318,1887,11
319,1887,12
320,1887,13
321,1887,14
322,1887,15
323,1887,16
324,1887,17
325,1887,18
326,1887,19
327,1887,20
328,1887,21
329,1887,22
330,1887,23
331,1887,24
332,1887,25
333,1887,26
334,1887,27
335,1887,28
336,1887,29
337,1887,30
338,1887,31
339,1887,32
340,1887,33
341,1887,34
342,1887,35
343,1887,36
344,1887,37
345,1887,38
346,1887,39
347,1887,40
348,1888,0
349,1888,1
350,1888,2
351,1888,3
352,1888,4
353,1888,5
354,1888,6
355,1888,7
356,1888,8
357,1888,9
358,1888,10
359,1888,11
360,1888,12
361,1888,13
362,1888,14
363,1888,15
364,1888,16
365,1888,17
366,1888,18
367,1888,19
368,1888,20
369,1888,21
370,1888,22
371,1888,23
372,1888,24
373,1888,25
374,1888,26
375,1888,27
376,1888,28
377,1888,29
378,1888,30
379,1889,0
380,1889,1
381,1889,2
382,1889,3
383,1889,4
384,1889,5
385,1889,6
386,1889,7
387,1889,8
388,1889,9
389,1889,10
390,1889,11
391,1889,12
392,1889,13
393,1889,14
394,1889,15
395,1889,16
396,1889,17
397,1889,18
398,1889,19
399,1889,20
400,1889,21
401,1889,22
402,1889,23
403,1889,24
404,1889,25
405,1889,26
406,1889,27
407,1890,0
408,1890,1
409,1890,2
410,1890,3
411,1890,4
412,1890,5
413,1890,6
414,1890,7
415,1890,8
416,1890,9
417,1890,10
418,1890,11
419,1890,12
420,1890,13
421,1890,14
422,1890,15
423,1890,16
424,1890,17
425,1890,18
426,1890,19
427,1890,20
428,1890,21
429,1890,22
430,1890,23
431,1890,24
432,1891,0
433,1891,1
434,1891,2
435,1891,3
436,1891,4
437,1891,5
438,1891,6
439,1891,7
440,1891,8
441,1891,9
442,1891,10
443,1891,11
444,1891,12
445,1891,13
446,1891,14
447,1891,15
448,1891,16
449,1891,17
450,1891,18
451,1891,19
452,1891,20
453,1891,21
454,1891,22
455,1891,23
456,1891,24
457,1891,25
458,1891,26
459,1892,0
460,1892,1
461,1892,2
462,1892,3
463,1892,4
464,1892,5
465,1892,6
466,1892,7
467,1892,8
468,1892,9
469,1892,10
470,1892,11
471,1892,12
472,1892,13
473,1892,14
474,1892,15
475,1892,16
476,1892,17
477,1893,0
478,1893,1
479,1893,2
480,1893,3
481,1893,4
482,1893,5
483,1893,6
484,1893,7
485,1893,8
486,1893,9
487,1893,10
488,1893,11
489,1893,12
490,1893,13
491,1893,14
492,1893,15
493,1893,16
494,1893,17
495,1893,18
496,1893,19
497,1893,20
498,1893,21
499,1894,0
500,1894,1
501,1894,2
502,1894,3
503,1894,4
504,1894,5
505,1894,6
506,1894,7
507,1894,8
508,1894,9
509,1894,10
510,1894,11
511,1894,12
512,1894,13
513,1894,14
514,1894,15
515,1894,16
516,1894,17
517,1894,18
518,1894,19
519,1894,20
520,1894,21
521,1894,22
522,1895,0
523,1895,1
524,1895,2
525,1895,3
526,1895,4
527,1895,5
528,1895,6
529,1895,7
530,1895,8
531,1895,9
532,1895,10
533,1895,11
534,1896,0
535,1896,1
536,1896,2
537,1896,3
538,1896,4
539,1896,5
540,1896,6
541,1896,7
542,1896,8
543,1896,9
544,1896,10
545,1896,11
546,1896,12
547,1896,13
548,1896,14
549,1896,15
550,1896,16
551,1896,17
552,1896,18
553,1896,19
554,1896,20
555,1896,21
556,1896,22
557,1896,23
558,1896,24
559,1896,25
560,1896,26
561,1896,27
562,1897,0
563,1897,1
564,1897,2
565,1897,3
566,1897,4
567,1897,5
568,1897,6
569,1897,7
570,1897,8
571,1897,9
572,1897,10
573,1897,11
574,1897,12
575,1897,13
576,1897,14
577,1897,15
578,1897,16
579,1897,17
580,1897,18
581,1897,19
582,1897,20
583,1897,21
584,1897,22
585,1897,23
586,1897,24
587,1897,25
588,1897,26
589,1897,27
590,1897,28
591,1897,29
592,1898,0
593,1898,1
594,1898,2
595,1898,3
596,1898,4
597,1898,5
598,1898,6
599,1898,7
600,1898,8
601,1898,9
602,1898,10
603,1898,11
604,1898,12
605,1898,13
606,1898,14
607,1898,15
608,1898,16
609,1898,17
610,1898,18
611,1898,19
612,1898,20
613,1898,21
614,1898,22
615,1898,23
616,1898,24
617,1898,25
618,1898,26
619,1898,27
620,1899,0
621,1899,1
622,1899,2
623,1899,3
624,1899,4
625,1899,5
626,1899,6
627,1899,7
628,1899,8
629,1899,9
630,1899,10
631,1899,11
632,1899,12
633,1899,13
634,1899,14
635,1899,15
636,1900,0
637,1900,1
638,1900,2
639,1900,3
640,1900,4
641,1900,5
642,1900,6
643,1900,7
644,1900,8
645,1900,9
646,1900,10
647,1900,11
648,1900,12
649,1900,13
650,1900,14
651,1900,15
652,1900,16
653,1900,17
654,1900,18
655,1900,19
656,1900,20
657,1900,21
658,1900,22
659,1900,23
660,1900,24
661,1901,0
662,1901,1
663,1901,2
664,1901,3
665,1901,4
666,1901,5
667,1901,6
668,1901,7
669,1901,8
670,1901,9
671,1901,10
672,1901,11
673,1901,12
674,1901,13
675,1901,14
676,1901,15
677,1901,16
678,1901,17
679,1901,18
680,1901,19
681,1901,20
682,1901,21
683,1901,22
684,1901,23
685,1901,24
686,1902,0
687,1902,1
688,1902,2
689,1902,3
690,1902,4
691,1902,5
692,1902,6
693,1902,7
694,1902,8
695,1902,9
696,1902,10
697,1902,11
698,1902,12
699,1902,13
700,1902,14
701,1902,15
702,1902,16
703,1902,17
704,1902,18
705,1902,19
706,1902,20
707,1902,21
708,1902,22
709,1902,23
710,1902,24
711,1902,25
712,1902,26
713,1903,0
714,1903,1
715,1903,2
716,1903,3
717,1903,4
718,1903,5
719,1903,6
720,1903,7
721,1903,8
722,1903,9
723,1903,10
724,1903,11
725,1903,12
726,1903,13
727,1903,14
728,1903,15
729,1903,16
730,1903,17
731,1903,18
732,1903,19
733,1903,20
734,1903,21
735,1903,22
736,1903,23
737,1904,0
738,1904,1
739,1904,2
740,1904,3
741,1904,4
742,1904,5
743,1904,6
744,1904,7
745,1904,8
746,1904,9
747,1904,10
748,1904,11
749,1904,12
750,1904,13
751,1904,14
752,1904,15
753,1904,16
754,1904,17
755,1904,18
756,1904,19
757,1904,20
758,1904,21
759,1904,22
760,1904,23
761,1904,24
762,1904,25
763,1904,26
764,1904,27
765,1904,28
766,1905,0
767,1905,1
768,1905,2
769,1905,3
770,1905,4
771,1905,5
772,1905,6
773,1905,7
774,1905,8
775,1905,9
776,1905,10
777,1905,11
778,1905,12
779,1905,13
780,1905,14
781,1905,15
782,1905,16
783,1905,17
784,1905,18
785,1905,19
786,1905,20
787,1905,21
788,1905,22
789,1905,23
790,1905,24
791,1906,0
792,1906,1
793,1906,2
794,1906,3
795,1906,4
796,1906,5
797,1906,6
798,1906,7
799,1906,8
800,1906,9
801,1906,10
802,1906,11
803,1906,12
804,1906,13
805,1906,14
806,1906,15
807,1906,16
808,1906,17
809,1906,18
810,1906,19
811,1906,20
812,1906,21
813,1906,22
814,1906,23
815,1906,24
816,1906,25
817,1907,0
818,1907,1
819,1907,2
820,1907,3
821,1907,4
822,1907,5
823,1907,6
824,1907,7
825,1907,8
826,1907,9
827,1907,10
828,1907,11
829,1907,12
830,1907,13
831,1907,14
832,1907,15
833,1907,16
834,1907,17
835,1907,18
836,1907,19
837,1907,20
838,1907,21
839,1907,22
840,1907,23
841,1908,0
842,1908,1
843,1908,2
844,1908,3
845,1908,4
846,1908,5
847,1908,6
848,1908,7
849,1908,8
850,1908,9
851,1908,10
852,1908,11
853,1908,12
854,1908,13
855,1908,14
856,1908,15
857,1909,0
858,1909,1
859,1909,2
860,1909,3
861,1909,4
862,1909,5
863,1909,6
864,1909,7
865,1909,8
866,1909,9
867,1909,10
868,1909,11
869,1909,12
870,1910,0
871,1910,1
872,1910,2
873,1910,3
874,1910,4
875,1910,5
876,1910,6
877,1910,7
878,1910,8
879,1910,9
880,1910,10
881,1910,11
882,1910,12
883,1910,13
884,1910,14
885,1910,15
886,1910,16
887,1910,17
888,1910,18
889,1910,19
890,1910,20
891,1910,21
892,1910,22
893,1910,23
894,1910,24
895,1911,0
896,1911,1
897,1911,2
898,1911,3
899,1911,4
900,1911,5
901,1911,6
902,1911,7
903,1911,8
904,1911,9
905,1911,10
906,1911,11
907,1911,12
908,1911,13
909,1911,14
910,1911,15
911,1911,16
912,1912,0
913,1912,1
914,1912,2
915,1912,3
916,1912,4
917,1912,5
918,1912,6
919,1912,7
920,1912,8
921,1912,9
922,1912,10
923,1912,11
924,1912,12
925,1912,13
926,1912,14
927,1912,15
928,1912,16
929,1912,17
930,1912,18
931,1912,19
932,1912,20
933,1912,21
934,1912,22
935,1912,23
936,1912,24
937,1913,0
938,1913,1
939,1913,2
940,1913,3
941,1913,4
942,1913,5
943,1913,6
944,1913,7
945,1913,8
946,1913,9
947,1913,10
948,1913,11
949,1913,12
950,1913,13
951,1913,14
952,1913,15
953,1913,16
954,1913,17
955,1913,18
956,1913,19
957,1913,20
958,1913,21
959,1913,22
960,1913,23
961,1913,24
962,1913,25
963,1913,26
964,1913,27
965,1913,28
966,1913,29
967,1913,30
968,1913,31
969,1913,32
970,1913,33
971,1913,34
972,1914,0
973,1914,1
974,1914,2
975,1914,3
976,1914,4
977,1914,5
978,1914,6
979,1914,7
980,1914,8
981,1914,9
982,1914,10
983,1914,11
984,1914,12
985,1914,13
986,1914,14
987,1914,15
988,1914,16
989,1914,17
990,1914,18
991,1914,19
992,1914,20
993,1914,21
994,1914,22
995,1914,23
996,1914,24
997,1914,25
998,1914,26
999,1914,27
1000,1914,28
1001,1914,29
1002,1915,0
1003,1915,1
1004,1915,2
1005,1915,3
1006,1915,4
1007,1915,5
1008,1915,6
1009,1915,7
1010,1915,8
1011,1915,9
1012,1915,10
1013,1915,11
1014,1915,12
1015,1915,13
1016,1915,14
1017,1915,15
1018,1915,16
1019,1915,17
1020,1915,18
1021,1915,19
1022,1915,20
1023,1916,0
1024,1916,1
1025,1916,2
1026,1916,3
1027,1916,4
1028,1916,5
1029,1916,6
1030,1916,7
1031,1916,8
1032,1916,9
1033,1916,10
1034,1916,11
1035,1916,12
1036,1916,13
1037,1916,14
1038,1916,15
1039,1916,16
1040,1916,17
1041,1916,18
1042,1916,19
1043,1916,20
1044,1916,21
1045,1916,22
1046,1916,23
1047,1916,24
1048,1917,0
1049,1917,1
1050,1917,2
1051,1917,3
1052,1917,4
1053,1917,5
1054,1917,6
1055,1917,7
1056,1917,8
1057,1917,9
1058,1917,10
1059,1917,11
1060,1917,12
1061,1917,13
1062,1917,14
1063,1917,15
1064,1917,16
1065,1917,17
1066,1917,18
1067,1917,19
1068,1917,20
1069,1917,21
1070,1917,22
1071,1917,23
1072,1917,24
1073,1917,25
1074,1917,26
1075,1917,27
1076,1918,0
1077,1918,1
1078,1918,2
1079,1918,3
1080,1918,4
1081,1918,5
1082,1918,6
1083,1918,7
1084,1918,8
1085,1918,9
1086,1918,10
1087,1918,11
1088,1918,12
1089,1918,13
1090,1918,14
1091,1918,15
1092,1918,16
1093,1918,17
1094,1918,18
1095,1918,19
1096,1919,0
1097,1919,1
1098,1919,2
1099,1919,3
1100,1919,4
1101,1919,5
1102,1919,6
1103,1919,7
1104,1919,8
1105,1919,9
1106,1919,10
1107,1919,11
1108,1919,12
1109,1919,13
1110,1919,14
1111,1919,15
1112,1919,16
1113,1919,17
1114,1919,18
1115,1919,19
1116,1919,20
1117,1919,21
1118,1919,22
1119,1919,23
1120,1919,24
1121,1920,0
1122,1920,1
1123,1920,2
1124,1920,3
1125,1920,4
1126,1920,5
1127,1920,6
1128,1920,7
1129,1920,8
1130,1920,9
1131,1920,10
1132,1920,11
1133,1920,12
1134,1920,13
1135,1920,14
1136,1920,15
1137,1920,16
1138,1920,17
1139,1920,18
1140,1920,19
1141,1920,20
1142,1920,21
1143,1920,22
1144,1920,23
1145,1920,24
1146,1920,25
1147,1921,0
1148,1921,1
1149,1921,2
1150,1922,0
1151,1922,1
1152,1922,2
1153,1922,3
1154,1922,4
1155,1922,5
1156,1922,6
1157,1922,7
1158,1922,8
1159,1922,9
1160,1922,10
1161,1922,11
1162,1922,12
1163,1922,13
1164,1922,14
1165,1922,15
1166,1922,16
1167,1922,17
1168,1922,18
1169,1922,19
1170,1922,20
1171,1922,21
1172,1922,22
1173,1922,23
1174,1923,0
1175,1923,1
1176,1923,2
1177,1923,3
1178,1923,4
1179,1923,5
1180,1923,6
1181,1923,7
1182,1923,8
1183,1923,9
1184,1923,10
1185,1923,11
1186,1923,12
1187,1923,13
1188,1923,14
1189,1923,15
1190,1923,16
1191,1923,17
1192,1923,18
1193,1923,19
1194,1923,20
1195,1923,21
1196,1923,22
1197,1923,23
1198,1923,24
1199,1923,25
1200,1923,26
1201,1923,27
1202,1923,28
1203,1924,0
1204,1924,1
1205,1924,2
1206,1924,3
1207,1924,4
1208,1924,5
1209,1924,6
1210,1924,7
1211,1924,8
1212,1924,9
1213,1924,10
1214,1924,11
1215,1924,12
1216,1924,13
1217,1924,14
1218,1924,15
1219,1924,16
1220,1924,17
1221,1924,18
1222,1924,19
1223,1924,20
1224,1924,21
1225,1924,22
1226,1924,23
1227,1925,0
1228,1925,1
1229,1925,2
1230,1925,3
1231,1925,4
1232,1925,5
1233,1925,6
1234,1925,7
1235,1925,8
1236,1925,9
1237,1925,10
1238,1925,11
1239,1925,12
1240,1925,13
1241,1925,14
1242,1925,15
1243,1926,0
1244,1926,1
1245,1926,2
1246,1926,3
1247,1926,4
1248,1926,5
1249,1926,6
1250,1926,7
1251,1926,8
1252,1926,9
1253,1926,10
1254,1926,11
1255,1926,12
1256,1926,13
1257,1926,14
1258,1926,15
1259,1926,16
1260,1926,17
1261,1926,18
1262,1926,19
1263,1926,20
1264,1926,21
1265,1926,22
1266,1927,0
1267,1927,1
1268,1927,2
1269,1927,3
1270,1927,4
1271,1927,5
1272,1927,6
1273,1927,7
1274,1927,8
1275,1927,9
1276,1927,10
1277,1927,11
1278,1927,12
1279,1927,13
1280,1927,14
1281,1927,15
1282,1927,16
1283,1927,17
1284,1927,18
1285,1927,19
1286,1928,0
1287,1928,1
1288,1928,2
1289,1928,3
1290,1928,4
1291,1928,5
1292,1928,6
1293,1928,7
1294,1928,8
1295,1928,9
1296,1928,10
1297,1928,11
1298,1928,12
1299,1928,13
1300,1928,14
1301,1928,15
1302,1928,16
1303,1928,17
1304,1928,18
1305,1928,19
1306,1929,0
1307,1929,1
1308,1929,2
1309,1929,3
1310,1929,4
1311,1929,5
1312,1929,6
1313,1929,7
1314,1929,8
1315,1929,9
1316,1929,10
1317,1929,11
1318,1929,12
1319,1929,13
1320,1929,14
1321,1929,15
1322,1929,16
1323,1929,17
1324,1929,18
1325,1929,19
1326,1929,20
1327,1929,21
1328,1929,22
1329,1929,23
1330,1930,0
1331,1930,1
1332,1930,2
1333,1930,3
1334,1930,4
1335,1930,5
1336,1930,6
1337,1930,7
1338,1930,8
1339,1930,9
1340,1930,10
1341,1930,11
1342,1930,12
1343,1930,13
1344,1930,14
1345,1930,15
1346,1930,16
1347,1930,17
1348,1930,18
1349,1930,19
1350,1930,20
1351,1930,21
1352,1930,22
1353,1930,23
1354,1930,24
1355,1930,25
1356,1930,26
1357,1930,27
1358,1930,28
1359,1930,29
1360,1930,30
1361,1930,31
1362,1930,32
1363,1931,0
1364,1931,1
1365,1931,2
1366,1931,3
1367,1931,4
1368,1931,5
1369,1931,6
1370,1931,7
1371,1931,8
1372,1931,9
1373,1931,10
1374,1931,11
1375,1931,12
1376,1931,13
1377,1931,14
1378,1931,15
1379,1931,16
1380,1931,17
1381,1931,18
1382,1931,19
1383,1931,20
1384,1931,21
1385,1931,22
1386,1932,0
1387,1932,1
1388,1932,2
1389,1932,3
1390,1932,4
1391,1932,5
1392,1932,6
1393,1932,7
1394,1932,8
1395,1932,9
1396,1932,10
1397,1932,11
1398,1932,12
1399,1932,13
1400,1932,14
1401,1932,15
1402,1932,16
1403,1932,17
1404,1932,18
1405,1932,19
1406,1932,20
1407,1932,21
1408,1932,22
1409,1932,23
1410,1932,24
1411,1933,0
1412,1933,1
1413,1933,2
1414,1933,3
1415,1933,4
1416,1933,5
1417,1933,6
1418,1933,7
1419,1933,8
1420,1933,9
1421,1933,10
1422,1933,11
1423,1933,12
1424,1933,13
1425,1933,14
1426,1933,15
1427,1933,16
1428,1933,17
1429,1933,18
1430,1933,19
1431,1933,20
1432,1933,21
1433,1933,22
1434,1933,23
1435,1934,0
1436,1934,1
1437,1934,2
1438,1934,3
1439,1934,4
1440,1934,5
1441,1934,6
1442,1934,7
1443,1934,8
1444,1934,9
1445,1934,10
1446,1934,11
1447,1934,12
1448,1934,13
1449,1934,14
1450,1934,15
1451,1934,16
1452,1934,17
1453,1934,18
1454,1934,19
1455,1934,20
1456,1934,21
1457,1934,22
1458,1934,23
1459,1934,24
1460,1935,0
1461,1935,1
1462,1935,2
1463,1935,3
1464,1935,4
1465,1935,5
1466,1935,6
1467,1935,7
1468,1935,8
1469,1935,9
1470,1935,10
1471,1935,11
1472,1935,12
1473,1935,13
1474,1935,14
1475,1935,15
1476,1935,16
1477,1935,17
1478,1935,18
1479,1935,19
1480,1936,0
1481,1936,1
1482,1936,2
1483,1936,3
1484,1936,4
1485,1936,5
1486,1936,6
1487,1936,7
1488,1936,8
1489,1936,9
1490,1936,10
1491,1936,11
1492,1936,12
1493,1936,13
1494,1936,14
1495,1936,15
1496,1936,16
1497,1936,17
1498,1936,18
1499,1936,19
1500,1936,20
1501,1936,21
1502,1936,22
1503,1936,23
1504,1936,24
1505,1936,25
1506,1936,26
1507,1937,0
1508,1937,1
1509,1937,2
1510,1937,3
1511,1937,4
1512,1937,5
1513,1937,6
1514,1937,7
1515,1937,8
1516,1937,9
1517,1937,10
1518,1937,11
1519,1937,12
1520,1937,13
1521,1937,14
1522,1937,15
1523,1937,16
1524,1937,17
1525,1937,18
1526,1937,19
1527,1938,0
1528,1938,1
1529,1938,2
1530,1938,3
1531,1938,4
1532,1938,5
1533,1938,6
1534,1938,7
1535,1938,8
1536,1938,9
1537,1938,10
1538,1938,11
1539,1938,12
1540,1938,13
1541,1938,14
1542,1938,15
1543,1938,16
1544,1938,17
1545,1938,18
1546,1938,19
1547,1938,20
1548,1938,21
1549,1938,22
1550,1938,23
1551,1938,24
1552,1938,25
1553,1938,26
1554,1938,27
1555,1938,28
1556,1938,29
1557,1938,30
1558,1938,31
1559,1938,32
1560,1938,33
1561,1938,34
1562,1939,0
1563,1939,1
1564,1939,2
1565,1939,3
1566,1939,4
1567,1939,5
1568,1939,6
1569,1939,7
1570,1939,8
1571,1939,9
1572,1939,10
1573,1939,11
1574,1939,12
1575,1939,13
1576,1939,14
1577,1939,15
1578,1939,16
1579,1939,17
1580,1939,18
1581,1939,19
1582,1939,20
1583,1939,21
1584,1939,22
1585,1940,0
1586,1940,1
1587,1940,2
1588,1940,3
1589,1940,4
1590,1940,5
1591,1940,6
1592,1940,7
1593,1940,8
1594,1940,9
1595,1940,10
1596,1940,11
1597,1940,12
1598,1940,13
1599,1940,14
1600,1940,15
1601,1940,16
1602,1940,17
1603,1940,18
1604,1940,19
1605,1940,20
1606,1941,0
1607,1941,1
1608,1941,2
1609,1941,3
1610,1941,4
1611,1941,5
1612,1941,6
1613,1941,7
1614,1941,8
1615,1941,9
1616,1941,10
1617,1941,11
1618,1942,0
1619,1942,1
1620,1942,2
1621,1942,3
1622,1942,4
1623,1942,5
1624,1942,6
1625,1942,7
1626,1942,8
1627,1942,9
1628,1942,10
1629,1942,11
1630,1942,12
1631,1942,13
1632,1942,14
1633,1942,15
1634,1942,16
1635,1942,17
1636,1942,18
1637,1942,19
1638,1943,0
1639,1943,1
1640,1943,2
1641,1943,3
1642,1943,4
1643,1943,5
1644,1943,6
1645,1943,7
1646,1943,8
1647,1943,9
1648,1943,10
1649,1943,11
1650,1943,12
1651,1943,13
1652,1943,14
1653,1943,15
1654,1943,16
1655,1943,17
1656,1943,18
1657,1943,19
1658,1943,20
1659,1943,21
1660,1943,22
1661,1943,23
1662,1943,24
1663,1943,25
1664,1943,26
1665,1944,0
1666,1944,1
1667,1944,2
1668,1944,3
1669,1944,4
1670,1944,5
1671,1944,6
1672,1944,7
1673,1944,8
1674,1944,9
1675,1944,10
1676,1944,11
1677,1944,12
1678,1944,13
1679,1944,14
1680,1944,15
1681,1944,16
1682,1944,17
1683,1944,18
1684,1945,0
1685,1945,1
1686,1945,2
1687,1945,3
1688,1945,4
1689,1945,5
1690,1945,6
1691,1945,7
1692,1945,8
1693,1945,9
1694,1945,10
1695,1945,11
1696,1945,12
1697,1945,13
1698,1945,14
1699,1945,15
1700,1945,16
1701,1945,17
1702,1945,18
1703,1945,19
1704,1946,0
1705,1946,1
1706,1946,2
1707,1946,3
1708,1946,4
1709,1946,5
1710,1946,6
1711,1946,7
1712,1946,8
1713,1946,9
1714,1946,10
1715,1946,11
1716,1946,12
1717,1946,13
1718,1946,14
1719,1946,15
1720,1946,16
1721,1946,17
1722,1946,18
1723,1946,19
1724,1946,20
1725,1946,21
1726,1946,22
1727,1946,23
1728,1946,24
1729,1947,0
1730,1947,1
1731,1947,2
1732,1947,3
1733,1947,4
1734,1947,5
1735,1947,6
1736,1947,7
1737,1947,8
1738,1947,9
1739,1947,10
1740,1947,11
1741,1947,12
1742,1947,13
1743,1947,14
1744,1947,15
1745,1947,16
1746,1947,17
1747,1947,18
1748,1947,19
1749,1947,20
1750,1947,21
1751,1947,22
1752,1947,23
1753,1947,24
1754,1947,25
1755,1947,26
1756,1947,27
1757,1947,28
1758,1947,29
1759,1947,30
1760,1947,31
1761,1947,32
1762,1947,33
1763,1947,34
1764,1947,35
1765,1947,36
1766,1947,37
1767,1948,0
1768,1948,1
1769,1948,2
1770,1948,3
1771,1948,4
1772,1948,5
1773,1948,6
1774,1948,7
1775,1948,8
1776,1948,9
1777,1948,10
1778,1948,11
1779,1948,12
1780,1948,13
1781,1948,14
1782,1948,15
1783,1948,16
1784,1948,17
1785,1948,18
1786,1948,19
1787,1948,20
1788,1948,21
1789,1948,22
1790,1948,23
1791,1948,24
1792,1949,0
1793,1949,1
1794,1949,2
1795,1949,3
1796,1949,4
1797,1949,5
1798,1949,6
1799,1949,7
1800,1949,8
1801,1949,9
1802,1949,10
1803,1949,11
1804,1949,12
1805,1949,13
1806,1949,14
1807,1949,15
1808,1949,16
1809,1949,17
1810,1949,18
1811,1949,19
1812,1949,20
1813,1949,21
1814,1949,22
1815,1949,23
1816,1950,0
1817,1950,1
1818,1950,2
1819,1950,3
1820,1950,4
1821,1950,5
1822,1950,6
1823,1950,7
1824,1950,8
1825,1950,9
1826,1950,10
1827,1950,11
1828,1950,12
1829,1950,13
1830,1950,14
1831,1950,15
1832,1950,16
1833,1950,17
1834,1950,18
1835,1950,19
1836,1950,20
1837,1950,21
1838,1950,22
1839,1951,0
1840,1951,1
1841,1951,2
1842,1951,3
1843,1951,4
1844,1951,5
1845,1951,6
1846,1951,7
1847,1951,8
1848,1951,9
1849,1951,10
1850,1951,11
1851,1951,12
1852,1951,13
1853,1951,14
1854,1951,15
1855,1951,16
1856,1951,17
1857,1951,18
1858,1951,19
1859,1951,20
1860,1952,0
1861,1952,1
1862,1952,2
1863,1952,3
1864,1952,4
1865,1952,5
1866,1952,6
1867,1952,7
1868,1952,8
1869,1952,9
1870,1952,10
1871,1952,11
1872,1952,12
1873,1952,13
1874,1952,14
1875,1952,15
1876,1952,16
1877,1952,17
1878,1952,18
1879,1952,19
1880,1953,0
1881,1953,1
1882,1953,2
1883,1953,3
1884,1953,4
1885,1953,5
1886,1953,6
1887,1953,7
1888,1953,8
1889,1953,9
1890,1953,10
1891,1953,11
1892,1953,12
1893,1953,13
1894,1953,14
1895,1953,15
1896,1953,16
1897,1953,17
1898,1953,18
1899,1953,19
1900,1953,20
1901,1953,21
1902,1953,22
1903,1953,23
1904,1954,0
1905,1954,1
1906,1954,2
1907,1954,3
1908,1954,4
1909,1954,5
1910,1954,6
1911,1954,7
1912,1954,8
1913,1954,9
1914,1954,10
1915,1954,11
1916,1954,12
1917,1954,13
1918,1954,14
1919,1954,15
1920,1954,16
1921,1954,17
1922,1954,18
1923,1954,19
1924,1954,20
1925,1954,21
1926,1954,22
1927,1954,23
1928,1954,24
1929,1954,25
1930,1955,0
1931,1955,1
1932,1955,2
1933,1955,3
1934,1955,4
1935,1955,5
1936,1955,6
1937,1955,7
1938,1955,8
1939,1955,9
1940,1955,10
1941,1955,11
1942,1955,12
1943,1955,13
1944,1955,14
1945,1955,15
1946,1955,16
1947,1955,17
1948,1955,18
1949,1955,19
1950,1955,20
1951,1955,21
1952,1955,22
1953,1955,23
1954,1955,24
1955,1955,25
1956,1955,26
1957,1955,27
1958,1956,0
1959,1956,1
1960,1956,2
1961,1956,3
1962,1956,4
1963,1956,5
1964,1956,6
1965,1956,7
1966,1956,8
1967,1956,9
1968,1956,10
1969,1956,11
1970,1956,12
1971,1956,13
1972,1956,14
1973,1956,15
1974,1956,16
1975,1956,17
1976,1956,18
1977,1956,19
1978,1956,20
1979,1957,0
1980,1957,1
1981,1957,2
1982,1957,3
1983,1957,4
1984,1957,5
1985,1957,6
1986,1957,7
1987,1957,8
1988,1957,9
1989,1957,10
1990,1957,11
1991,1957,12
1992,1957,13
1993,1957,14
1994,1957,15
1995,1957,16
1996,1957,17
1997,1957,18
1998,1957,19
1999,1957,20
2000,1957,21
2001,1957,22
2002,1957,23
2003,1957,24
2004,1957,25
2005,1957,26
2006,1957,27
2007,1957,28
2008,1957,29
2009,1957,30
2010,1957,31
2011,1957,32
2012,1957,33
2013,1957,34
2014,1957,35
2015,1957,36
2016,1957,37
2017,1957,38
2018,1957,39
2019,1957,40
2020,1957,41
2021,1957,42
2022,1957,43
2023,1958,0
2024,1958,1
2025,1958,2
2026,1958,3
2027,1958,4
2028,1958,5
2029,1958,6
2030,1958,7
2031,1958,8
2032,1958,9
2033,1958,10
2034,1958,11
2035,1958,12
2036,1958,13
2037,1958,14
2038,1958,15
2039,1958,16
2040,1958,17
2041,1958,18
2042,1958,19
2043,1958,20
2044,1958,21
2045,1958,22
2046,1958,23
2047,1958,24
2048,1959,0
2049,1959,1
2050,1959,2
2051,1959,3
2052,1959,4
2053,1959,5
2054,1959,6
2055,1959,7
2056,1959,8
2057,1959,9
2058,1959,10
2059,1959,11
2060,1959,12
2061,1959,13
2062,1959,14
2063,1959,15
2064,1959,16
2065,1959,17
2066,1959,18
2067,1959,19
2068,1959,20
2069,1959,21
2070,1959,22
2071,1959,23
2072,1959,24
2073,1959,25
2074,1960,0
2075,1960,1
2076,1960,2
2077,1960,3
2078,1960,4
2079,1960,5
2080,1960,6
2081,1960,7
2082,1960,8
2083,1960,9
2084,1960,10
2085,1960,11
2086,1960,12
2087,1960,13
2088,1960,14
2089,1960,15
2090,1960,16
2091,1960,17
2092,1960,18
2093,1960,19
2094,1960,20
2095,1960,21
2096,1960,22
2097,1960,23
2098,1960,24
2099,1961,0
2100,1961,1
2101,1961,2
2102,1961,3
2103,1961,4
2104,1961,5
2105,1961,6
2106,1961,7
2107,1961,8
2108,1961,9
2109,1961,10
2110,1961,11
2111,1961,12
2112,1961,13
2113,1961,14
2114,1961,15
2115,1961,16
2116,1961,17
2117,1961,18
2118,1961,19
2119,1961,20
2120,1961,21
2121,1961,22
2122,1961,23
2123,1961,24
2124,1961,25
2125,1961,26
2126,1961,27
2127,1961,28
2128,1961,29
2129,1961,30
2130,1961,31
2131,1961,32
2132,1961,33
2133,1962,0
2134,1962,1
2135,1962,2
2136,1962,3
2137,1962,4
2138,1962,5
2139,1962,6
2140,1962,7
2141,1962,8
2142,1962,9
2143,1962,10
2144,1962,11
2145,1962,12
2146,1962,13
2147,1962,14
2148,1962,15
2149,1962,16
2150,1962,17
2151,1962,18
2152,1962,19
2153,1962,20
2154,1962,21
2155,1962,22
2156,1962,23
2157,1962,24
2158,1963,0
2159,1963,1
2160,1963,2
2161,1963,3
2162,1963,4
2163,1963,5
2164,1963,6
2165,1963,7
2166,1963,8
2167,1963,9
2168,1963,10
2169,1963,11
2170,1963,12
2171,1963,13
2172,1963,14
2173,1963,15
2174,1963,16
2175,1963,17
2176,1963,18
2177,1963,19
2178,1963,20
2179,1963,21
2180,1963,22
2181,1964,0
2182,1964,1
2183,1964,2
2184,1964,3
2185,1964,4
2186,1964,5
2187,1964,6
2188,1964,7
2189,1964,8
2190,1964,9
2191,1964,10
2192,1964,11
2193,1964,12
2194,1964,13
2195,1964,14
2196,1964,15
2197,1964,16
2198,1964,17
2199,1964,18
2200,1964,19
2201,1964,20
2202,1964,21
2203,1964,22
2204,1964,23
2205,1964,24
2206,1964,25
2207,1965,0
2208,1965,1
2209,1965,2
2210,1965,3
2211,1965,4
2212,1965,5
2213,1965,6
2214,1965,7
2215,1965,8
2216,1965,9
2217,1965,10
2218,1965,11
2219,1965,12
2220,1965,13
2221,1965,14
2222,1965,15
2223,1965,16
2224,1965,17
2225,1965,18
2226,1965,19
2227,1965,20
2228,1965,21
2229,1965,22
2230,1966,0
2231,1966,1
2232,1966,2
2233,1966,3
2234,1966,4
2235,1966,5
2236,1966,6
2237,1966,7
2238,1966,8
2239,1966,9
2240,1966,10
2241,1966,11
2242,1966,12
2243,1966,13
2244,1966,14
2245,1966,15
2246,1966,16
2247,1966,17
2248,1966,18
2249,1966,19
2250,1966,20
2251,1966,21
2252,1966,22
2253,1966,23
2254,1966,24
2255,1967,0
2256,1967,1
2257,1967,2
2258,1967,3
2259,1967,4
2260,1967,5
2261,1967,6
2262,1967,7
2263,1967,8
2264,1967,9
2265,1967,10
2266,1967,11
2267,1967,12
2268,1967,13
2269,1967,14
2270,1967,15
2271,1967,16
2272,1967,17
2273,1967,18
2274,1967,19
2275,1967,20
2276,1967,21
2277,1967,22
2278,1967,23
2279,1967,24
2280,1968,0
2281,1968,1
2282,1968,2
2283,1968,3
2284,1968,4
2285,1968,5
2286,1968,6
2287,1968,7
2288,1968,8
2289,1968,9
2290,1968,10
2291,1968,11
2292,1968,12
2293,1968,13
2294,1968,14
2295,1968,15
2296,1968,16
2297,1968,17
2298,1968,18
2299,1968,19
2300,1968,20
2301,1968,21
2302,1968,22
2303,1968,23
2304,1968,24
2305,1968,25
2306,1968,26
2307,1968,27
2308,1969,0
2309,1969,1
2310,1969,2
2311,1969,3
2312,1969,4
2313,1969,5
2314,1969,6
2315,1969,7
2316,1969,8
2317,1969,9
2318,1969,10
2319,1969,11
2320,1969,12
2321,1969,13
2322,1969,14
2323,1969,15
2324,1969,16
2325,1969,17
2326,1969,18
2327,1969,19
2328,1970,0
2329,1970,1
2330,1970,2
2331,1970,3
2332,1970,4
2333,1970,5
2334,1970,6
2335,1970,7
2336,1970,8
2337,1970,9
2338,1970,10
2339,1970,11
2340,1970,12
2341,1970,13
2342,1970,14
2343,1970,15
2344,1970,16
2345,1970,17
2346,1970,18
2347,1970,19
2348,1970,20
2349,1970,21
2350,1970,22
2351,1970,23
2352,1970,24
2353,1970,25
2354,1970,26
2355,1970,27
2356,1970,28
2357,1971,0
2358,1971,1
2359,1971,2
2360,1971,3
2361,1971,4
2362,1971,5
2363,1971,6
2364,1971,7
2365,1971,8
2366,1971,9
2367,1971,10
2368,1971,11
2369,1971,12
2370,1971,13
2371,1971,14
2372,1971,15
2373,1971,16
2374,1971,17
2375,1971,18
2376,1971,19
2377,1971,20
2378,1972,0
2379,1972,1
2380,1972,2
2381,1972,3
2382,1972,4
2383,1972,5
2384,1972,6
2385,1972,7
2386,1972,8
2387,1972,9
2388,1972,10
2389,1972,11
2390,1972,12
2391,1972,13
2392,1972,14
2393,1972,15
2394,1972,16
2395,1972,17
2396,1972,18
2397,1972,19
2398,1972,20
2399,1972,21
2400,1972,22
2401,1972,23
2402,1972,24
2403,1972,25
2404,1972,26
2405,1972,27
2406,1972,28
2407,1972,29
2408,1972,30
2409,1972,31
2410,1973,0
2411,1973,1
2412,1973,2
2413,1973,3
2414,1973,4
2415,1973,5
2416,1973,6
2417,1973,7
2418,1973,8
2419,1973,9
2420,1973,10
2421,1973,11
2422,1973,12
2423,1973,13
2424,1973,14
2425,1973,15
2426,1973,16
2427,1973,17
2428,1973,18
2429,1973,19
2430,1973,20
2431,1973,21
2432,1973,22
2433,1973,23
2434,1973,24
2435,1973,25
2436,1974,0
2437,1974,1
2438,1974,2
2439,1974,3
2440,1974,4
2441,1974,5
2442,1974,6
2443,1974,7
2444,1974,8
2445,1974,9
2446,1974,10
2447,1974,11
2448,1974,12
2449,1974,13
2450,1974,14
2451,1974,15
2452,1974,16
2453,1974,17
2454,1974,18
2455,1974,19
2456,1974,20
2457,1974,21
2458,1975,0
2459,1975,1
2460,1975,2
2461,1975,3
2462,1975,4
2463,1975,5
2464,1975,6
2465,1975,7
2466,1975,8
2467,1975,9
2468,1975,10
2469,1975,11
2470,1975,12
2471,1975,13
2472,1975,14
2473,1975,15
2474,1975,16
2475,1975,17
2476,1975,18
2477,1975,19
2478,1975,20
2479,1975,21
2480,1975,22
2481,1975,23
2482,1975,24
2483,1975,25
2484,1976,0
2485,1976,1
2486,1976,2
2487,1976,3
2488,1976,4
2489,1976,5
2490,1976,6
2491,1976,7
2492,1976,8
2493,1976,9
2494,1976,10
2495,1976,11
2496,1976,12
2497,1976,13
2498,1976,14
2499,1976,15
2500,1976,16
2501,1976,17
2502,1976,18
2503,1976,19
2504,1976,20
2505,1976,21
2506,1976,22
2507,1976,23
2508,1976,24
2509,1976,25
2510,1977,0
2511,1977,1
2512,1977,2
2513,1977,3
2514,1977,4
2515,1977,5
2516,1977,6
2517,1977,7
2518,1977,8
2519,1977,9
2520,1977,10
2521,1977,11
2522,1977,12
2523,1977,13
2524,1977,14
2525,1977,15
2526,1977,16
2527,1977,17
2528,1977,18
2529,1977,19
2530,1977,20
2531,1977,21
2532,1977,22
2533,1978,0
2534,1978,1
2535,1978,2
2536,1978,3
2537,1978,4
2538,1978,5
2539,1978,6
2540,1978,7
2541,1978,8
2542,1978,9
2543,1978,10
2544,1978,11
2545,1978,12
2546,1978,13
2547,1978,14
2548,1978,15
2549,1978,16
2550,1978,17
2551,1978,18
2552,1978,19
2553,1978,20
2554,1978,21
2555,1978,22
2556,1978,23
2557,1978,24
2558,1978,25
2559,1978,26
2560,1978,27
2561,1978,28
2562,1978,29
2563,1979,0
2564,1979,1
2565,1979,2
2566,1979,3
2567,1979,4
2568,1979,5
2569,1979,6
2570,1979,7
2571,1979,8
2572,1979,9
2573,1979,10
2574,1979,11
2575,1979,12
2576,1980,0
2577,1980,1
2578,1980,2
2579,1980,3
2580,1980,4
2581,1980,5
2582,1980,6
2583,1980,7
2584,1980,8
2585,1980,9
2586,1980,10
2587,1980,11
2588,1980,12
2589,1980,13
2590,1980,14
2591,1980,15
2592,1980,16
2593,1980,17
2594,1980,18
2595,1980,19
2596,1980,20
2597,1980,21
2598,1980,22
2599,1980,23
2600,1980,24
2601,1980,25
2602,1980,26
2603,1980,27
2604,1980,28
2605,1980,29
2606,1980,30
2607,1980,31
2608,1980,32
2609,1980,33
2610,1980,34
2611,1980,35
2612,1980,36
2613,1980,37
2614,1980,38
2615,1980,39
2616,1981,0
2617,1981,1
2618,1981,2
2619,1981,3
2620,1981,4
2621,1981,5
2622,1981,6
2623,1981,7
2624,1981,8
2625,1981,9
2626,1981,10
2627,1981,11
2628,1981,12
2629,1981,13
2630,1981,14
2631,1981,15
2632,1981,16
2633,1981,17
2634,1981,18
2635,1981,19
2636,1981,20
2637,1981,21
2638,1981,22
2639,1981,23
2640,1981,24
2641,1981,25
2642,1982,0
2643,1982,1
2644,1982,2
2645,1982,3
2646,1982,4
2647,1982,5
2648,1982,6
2649,1982,7
2650,1982,8
2651,1982,9
2652,1982,10
2653,1982,11
2654,1982,12
2655,1982,13
2656,1982,14
2657,1982,15
2658,1983,0
2659,1983,1
2660,1983,2
2661,1983,3
2662,1983,4
2663,1983,5
2664,1983,6
2665,1983,7
2666,1983,8
2667,1983,9
2668,1983,10
2669,1983,11
2670,1983,12
2671,1983,13
2672,1983,14
2673,1983,15
2674,1983,16
2675,1983,17
2676,1983,18
2677,1983,19
2678,1983,20
2679,1983,21
2680,1983,22
2681,1983,23
2682,1983,24
2683,1984,0
2684,1984,1
2685,1984,2
2686,1984,3
2687,1984,4
2688,1984,5
2689,1984,6
2690,1984,7
2691,1984,8
2692,1985,0
2693,1985,1
2694,1985,2
2695,1985,3
2696,1985,4
2697,1985,5
2698,1985,6
2699,1985,7
2700,1985,8
2701,1985,9
2702,1985,10
2703,1985,11
2704,1985,12
2705,1985,13
2706,1985,14
2707,1985,15
2708,1985,16
2709,1985,17
2710,1985,18
2711,1985,19
2712,1985,20
2713,1985,21
2714,1985,22
2715,1985,23
2716,1985,24
2717,1985,25
2718,1986,0
2719,1986,1
2720,1986,2
2721,1986,3
2722,1986,4
2723,1986,5
2724,1986,6
2725,1986,7
2726,1986,8
2727,1986,9
2728,1986,10
2729,1986,11
2730,1986,12
2731,1986,13
2732,1986,14
2733,1986,15
2734,1986,16
2735,1986,17
2736,1986,18
2737,1986,19
2738,1986,20
2739,1986,21
2740,1986,22
2741,1986,23
2742,1986,24
2743,1986,25
2744,1986,26
2745,1986,27
2746,1987,0
2747,1987,1
2748,1987,2
2749,1987,3
2750,1987,4
2751,1987,5
2752,1987,6
2753,1987,7
2754,1987,8
2755,1987,9
2756,1987,10
2757,1987,11
2758,1987,12
2759,1987,13
2760,1987,14
2761,1987,15
2762,1987,16
2763,1987,17
2764,1987,18
2765,1987,19
2766,1987,20
2767,1987,21
2768,1987,22
2769,1987,23
2770,1987,24
2771,1987,25
2772,1987,26
2773,1987,27
2774,1987,28
2775,1988,0
2776,1988,1
2777,1988,2
2778,1988,3
2779,1988,4
2780,1988,5
2781,1988,6
2782,1988,7
2783,1988,8
2784,1988,9
2785,1988,10
2786,1988,11
2787,1988,12
2788,1988,13
2789,1988,14
2790,1988,15
2791,1988,16
2792,1988,17
2793,1989,0
2794,1989,1
2795,1989,2
2796,1989,3
2797,1989,4
2798,1989,5
2799,1989,6
2800,1989,7
2801,1989,8
2802,1989,9
2803,1989,10
2804,1989,11
2805,1989,12
2806,1989,13
2807,1989,14
2808,1989,15
2809,1989,16
2810,1989,17
2811,1989,18
2812,1989,19
2813,1989,20
2814,1989,21
2815,1989,22
2816,1989,23
2817,1989,24
2818,1989,25
2819,1989,26
2820,1989,27
2821,1989,28
2822,1989,29
2823,1990,0
2824,1990,1
2825,1990,2
2826,1990,3
2827,1990,4
2828,1990,5
2829,1990,6
2830,1990,7
2831,1990,8
2832,1990,9
2833,1990,10
2834,1990,11
2835,1990,12
2836,1990,13
2837,1990,14
2838,1990,15
2839,1990,16
2840,1990,17
2841,1990,18
2842,1990,19
2843,1990,20
2844,1990,21
2845,1990,22
2846,1990,23
2847,1990,24
2848,1990,25
2849,1990,26
2850,1990,27
2851,1990,28
2852,1990,29
2853,1990,30
2854,1990,31
2855,1990,32
2856,1990,33
2857,1990,34
2858,1990,35
2859,1990,36
2860,1990,37
2861,1990,38
2862,1990,39
2863,1990,40
2864,1990,41
2865,1991,0
2866,1991,1
2867,1991,2
2868,1991,3
2869,1991,4
2870,1991,5
2871,1991,6
2872,1991,7
2873,1991,8
2874,1991,9
2875,1991,10
2876,1991,11
2877,1991,12
2878,1991,13
2879,1991,14
2880,1991,15
2881,1991,16
2882,1991,17
2883,1991,18
2884,1991,19
2885,1991,20
2886,1991,21
2887,1991,22
2888,1992,0
2889,1992,1
2890,1992,2
2891,1992,3
2892,1992,4
2893,1992,5
2894,1992,6
2895,1992,7
2896,1992,8
2897,1992,9
2898,1992,10
2899,1992,11
2900,1992,12
2901,1992,13
2902,1992,14
2903,1992,15
2904,1992,16
2905,1992,17
2906,1992,18
2907,1992,19
2908,1992,20
2909,1992,21
2910,1992,22
2911,1992,23
2912,1992,24
2913,1993,0
2914,1993,1
2915,1993,2
2916,1993,3
2917,1993,4
2918,1993,5
2919,1993,6
2920,1993,7
2921,1993,8
2922,1993,9
2923,1993,10
2924,1993,11
2925,1993,12
2926,1993,13
2927,1993,14
2928,1993,15
2929,1993,16
2930,1993,17
2931,1993,18
2932,1993,19
2933,1993,20
2934,1993,21
2935,1993,22
2936,1993,23
2937,1993,24
2938,1993,25
2939,1993,26
2940,1993,27
2941,1993,28
2942,1993,29
2943,1993,30
2944,1993,31
2945,1993,32
2946,1993,33
2947,1994,0
2948,1994,1
2949,1994,2
2950,1994,3
2951,1994,4
2952,1994,5
2953,1994,6
2954,1994,7
2955,1994,8
2956,1994,9
2957,1994,10
2958,1994,11
2959,1994,12
2960,1994,13
2961,1994,14
2962,1994,15
2963,1994,16
2964,1994,17
2965,1994,18
2966,1994,19
2967,1995,0
2968,1995,1
2969,1995,2
2970,1995,3
2971,1995,4
2972,1995,5
2973,1995,6
2974,1995,7
2975,1995,8
2976,1995,9
2977,1995,10
2978,1995,11
2979,1995,12
2980,1995,13
2981,1995,14
2982,1995,15
2983,1995,16
2984,1995,17
2985,1995,18
2986,1995,19
2987,1995,20
2988,1995,21
2989,1995,22
2990,1995,23
2991,1996,0
2992,1996,1
2993,1996,2
2994,1996,3
2995,1996,4
2996,1996,5
2997,1996,6
2998,1996,7
2999,1996,8
3000,1996,9
3001,1996,10
3002,1996,11
3003,1996,12
3004,1996,13
3005,1996,14
3006,1996,15
3007,1996,16
3008,1996,17
3009,1996,18
3010,1996,19
3011,1996,20
3012,1996,21
3013,1996,22
3014,1996,23
3015,1996,24
3016,1996,25
3017,1996,26
3018,1996,27
3019,1996,28
3020,1997,0
3021,1997,1
3022,1997,2
3023,1997,3
3024,1997,4
3025,1997,5
3026,1997,6
3027,1997,7
3028,1997,8
3029,1997,9
3030,1997,10
3031,1997,11
3032,1997,12
3033,1997,13
3034,1997,14
3035,1997,15
3036,1997,16
3037,1997,17
3038,1997,18
3039,1997,19
3040,1997,20
3041,1998,0
3042,1998,1
3043,1998,2
3044,1998,3
3045,1998,4
3046,1998,5
3047,1998,6
3048,1998,7
3049,1998,8
3050,1998,9
3051,1998,10
3052,1998,11
3053,1998,12
3054,1998,13
3055,1998,14
3056,1998,15
3057,1998,16
3058,1998,17
3059,1998,18
3060,1998,19
3061,1998,20
3062,1998,21
3063,1998,22
3064,1999,0
3065,1999,1
3066,1999,2
3067,1999,3
3068,1999,4
3069,1999,5
3070,1999,6
3071,1999,7
3072,1999,8
3073,1999,9
3074,1999,10
3075,1999,11
3076,1999,12
3077,1999,13
3078,1999,14
3079,1999,15
3080,1999,16
3081,1999,17
3082,1999,18
3083,1999,19
3084,1999,20
3085,1999,21
3086,1999,22
3087,1999,23
3088,1999,24
3089,1999,25
3090,2000,0
3091,2000,1
3092,2000,2
3093,2000,3
3094,2000,4
3095,2000,5
3096,2000,6
3097,2000,7
3098,2000,8
3099,2000,9
3100,2000,10
3101,2000,11
3102,2000,12
3103,2000,13
3104,2000,14
3105,2000,15
3106,2000,16
3107,2000,17
3108,2000,18
3109,2001,0
3110,2001,1
3111,2001,2
3112,2001,3
3113,2001,4
3114,2001,5
3115,2001,6
3116,2001,7
3117,2001,8
3118,2001,9
3119,2001,10
3120,2001,11
3121,2001,12
3122,2001,13
3123,2001,14
3124,2001,15
3125,2001,16
3126,2001,17
3127,2001,18
3128,2001,19
3129,2001,20
3130,2001,21
3131,2001,22
3132,2001,23
3133,2001,24
3134,2001,25
3135,2001,26
3136,2001,27
3137,2001,28
3138,2001,29
3139,2001,30
3140,2001,31
3141,2001,32
3142,2001,33
3143,2001,34
3144,2001,35
3145,2001,36
3146,2001,37
3147,2001,38
3148,2002,0
3149,2002,1
3150,2002,2
3151,2002,3
3152,2002,4
3153,2002,5
3154,2002,6
3155,2002,7
3156,2002,8
3157,2002,9
3158,2002,10
3159,2002,11
3160,2002,12
3161,2002,13
3162,2002,14
3163,2002,15
3164,2002,16
3165,2002,17
3166,2002,18
3167,2002,19
3168,2002,20
3169,2002,21
3170,2002,22
3171,2002,23
3172,2002,24
3173,2002,25
3174,2002,26
3175,2002,27
3176,2003,0
3177,2003,1
3178,2003,2
3179,2003,3
3180,2003,4
3181,2003,5
3182,2003,6
3183,2003,7
3184,2003,8
3185,2003,9
3186,2003,10
3187,2003,11
3188,2003,12
3189,2003,13
3190,2003,14
3191,2003,15
3192,2003,16
3193,2003,17
3194,2003,18
3195,2003,19
3196,2003,20
3197,2003,21
3198,2003,22
3199,2003,23
3200,2003,24
3201,2003,25
3202,2003,26
3203,2003,27
3204,2003,28
3205,2004,0
3206,2004,1
3207,2004,2
3208,2004,3
3209,2004,4
3210,2004,5
3211,2004,6
3212,2004,7
3213,2004,8
3214,2004,9
3215,2004,10
3216,2004,11
3217,2004,12
3218,2004,13
3219,2004,14
3220,2004,15
3221,2004,16
3222,2004,17
3223,2004,18
3224,2004,19
3225,2004,20
3226,2005,0
3227,2005,1
3228,2005,2
3229,2005,3
3230,2005,4
3231,2005,5
3232,2005,6
3233,2005,7
3234,2005,8
3235,2005,9
3236,2005,10
3237,2005,11
3238,2005,12
3239,2005,13
3240,2005,14
3241,2005,15
3242,2005,16
3243,2005,17
3244,2005,18
3245,2005,19
3246,2006,0
3247,2006,1
3248,2006,2
3249,2006,3
3250,2006,4
3251,2006,5
3252,2006,6
3253,2006,7
3254,2006,8
3255,2006,9
3256,2006,10
3257,2006,11
3258,2006,12
3259,2006,13
3260,2006,14
3261,2006,15
3262,2006,16
3263,2006,17
3264,2006,18
3265,2006,19
3266,2006,20
3267,2007,0
3268,2007,1
3269,2007,2
3270,2007,3
3271,2007,4
3272,2007,5
3273,2007,6
3274,2007,7
3275,2007,8
3276,2007,9
3277,2007,10
3278,2007,11
3279,2007,12
3280,2007,13
3281,2007,14
3282,2007,15
3283,2007,16
3284,2007,17
3285,2007,18
3286,2007,19
3287,2007,20
3288,2007,21
3289,2007,22
3290,2007,23
3291,2007,24
3292,2007,25
3293,2007,26
3294,2007,27
3295,2008,0
3296,2008,1
3297,2008,2
3298,2008,3
3299,2008,4
3300,2008,5
3301,2008,6
3302,2008,7
3303,2008,8
3304,2008,9
3305,2008,10
3306,2008,11
3307,2008,12
3308,2008,13
3309,2008,14
3310,2008,15
3311,2008,16
3312,2008,17
3313,2009,0
3314,2009,1
3315,2009,2
3316,2009,3
3317,2009,4
3318,2009,5
3319,2009,6
3320,2009,7
3321,2009,8
3322,2009,9
3323,2009,10
3324,2009,11
3325,2009,12
3326,2009,13
3327,2009,14
3328,2009,15
3329,2009,16
3330,2009,17
3331,2009,18
3332,2009,19
3333,2009,20
3334,2009,21
3335,2009,22
3336,2009,23
3337,2009,24
3338,2010,0
3339,2010,1
3340,2010,2
3341,2010,3
3342,2010,4
3343,2010,5
3344,2010,6
3345,2010,7
3346,2010,8
3347,2010,9
3348,2010,10
3349,2010,11
3350,2010,12
3351,2010,13
3352,2010,14
3353,2010,15
3354,2010,16
3355,2010,17
3356,2010,18
3357,2010,19
3358,2010,20
3359,2010,21
3360,2010,22
3361,2010,23
3362,2010,24
3363,2010,25
3364,2010,26
3365,2010,27
3366,2010,28
3367,2010,29
3368,2010,30
3369,2010,31
3370,2010,32
3371,2010,33
3372,2010,34
3373,2010,35
3374,2010,36
3375,2010,37
3376,2011,0
3377,2011,1
3378,2011,2
3379,2011,3
3380,2011,4
3381,2011,5
3382,2011,6
3383,2011,7
3384,2011,8
3385,2011,9
3386,2011,10
3387,2011,11
3388,2011,12
3389,2011,13
3390,2011,14
3391,2011,15
3392,2011,16
3393,2011,17
3394,2011,18
3395,2011,19
3396,2012,0
3397,2012,1
3398,2012,2
3399,2012,3
3400,2012,4
3401,2012,5
3402,2012,6
3403,2012,7
3404,2012,8
3405,2012,9
3406,2012,10
3407,2012,11
3408,2012,12
3409,2012,13
3410,2012,14
3411,2012,15
3412,2012,16
3413,2012,17
3414,2012,18
3415,2012,19
3416,2012,20
3417,2012,21
3418,2012,22
3419,2012,23
3420,2012,24
3421,2013,0
3422,2013,1
3423,2013,2
3424,2013,3
3425,2013,4
3426,2013,5
3427,2013,6
3428,2013,7
3429,2013,8
3430,2013,9
3431,2013,10
3432,2013,11
3433,2013,12
3434,2013,13
3435,2013,14
3436,2013,15
3437,2013,16
3438,2013,17
3439,2013,18
3440,2013,19
3441,2013,20
3442,2013,21
3443,2013,22
3444,2013,23
3445,2013,24
3446,2013,25
3447,2013,26
3448,2013,27
3449,2013,28
3450,2013,29
3451,2013,30
3452,2013,31
3453,2013,32
3454,2013,33
3455,2013,34
3456,2013,35
3457,2013,36
3458,2013,37
3459,2013,38
3460,2013,39
3461,2013,40
3462,2013,41
3463,2013,42
3464,2014,0
3465,2014,1
3466,2014,2
3467,2014,3
3468,2014,4
3469,2014,5
3470,2014,6
3471,2014,7
3472,2014,8
3473,2014,9
3474,2014,10
3475,2014,11
3476,2014,12
3477,2014,13
3478,2014,14
3479,2014,15
3480,2014,16
3481,2014,17
3482,2014,18
3483,2014,19
3484,2014,20
3485,2014,21
3486,2014,22
3487,2014,23
3488,2014,24
3489,2014,25
3490,2015,0
3491,2015,1
3492,2015,2
3493,2015,3
3494,2015,4
3495,2015,5
3496,2015,6
3497,2015,7
3498,2015,8
3499,2015,9
3500,2015,10
3501,2015,11
3502,2015,12
3503,2015,13
3504,2015,14
3505,2015,15
3506,2015,16
3507,2015,17
3508,2015,18
3509,2015,19
3510,2015,20
3511,2015,21
3512,2015,22
3513,2015,23
3514,2015,24
3515,2015,25
3516,2016,0
3517,2016,1
3518,2016,2
3519,2016,3
3520,2016,4
3521,2016,5
3522,2016,6
3523,2016,7
3524,2016,8
3525,2016,9
3526,2016,10
3527,2016,11
3528,2016,12
3529,2016,13
3530,2016,14
3531,2016,15
3532,2016,16
3533,2016,17
3534,2016,18
3535,2016,19
3536,2016,20
3537,2016,21
3538,2016,22
3539,2016,23
3540,2016,24
3541,2017,0
3542,2017,1
3543,2017,2
3544,2017,3
3545,2017,4
3546,2017,5
3547,2017,6
3548,2017,7
3549,2017,8
3550,2017,9
3551,2017,10
3552,2017,11
3553,2017,12
3554,2017,13
3555,2017,14
3556,2017,15
3557,2017,16
3558,2017,17
3559,2017,18
3560,2017,19
3561,2017,20
3562,2018,0
3563,2018,1
3564,2018,2
3565,2018,3
3566,2018,4
3567,2018,5
3568,2018,6
3569,2018,7
3570,2018,8
3571,2018,9
3572,2018,10
3573,2018,11
3574,2018,12
3575,2018,13
3576,2018,14
3577,2018,15
3578,2018,16
3579,2018,17
3580,2018,18
3581,2018,19
3582,2018,20
3583,2018,21
3584,2018,22
3585,2018,23
3586,2018,24
3587,2018,25
3588,2018,26
3589,2018,27
3590,2019,0
3591,2019,1
3592,2019,2
3593,2019,3
3594,2019,4
3595,2019,5
3596,2019,6
3597,2019,7
3598,2019,8
3599,2019,9
3600,2019,10
3601,2019,11
3602,2019,12
3603,2019,13
3604,2019,14
3605,2019,15
3606,2019,16
3607,2019,17
3608,2019,18
3609,2019,19
3610,2019,20
3611,2019,21
3612,2019,22
3613,2019,23
3614,2019,24
3615,2019,25
3616,2019,26
3617,2019,27
3618,2019,28
3619,2020,0
3620,2020,1
3621,2020,2
3622,2020,3
3623,2020,4
3624,2020,5
3625,2020,6
3626,2020,7
3627,2020,8
3628,2020,9
3629,2020,10
3630,2020,11
3631,2020,12
3632,2020,13
3633,2020,14
3634,2020,15
3635,2020,16
3636,2020,17
3637,2020,18
3638,2020,19
3639,2020,20
3640,2020,21
3641,2020,22
3642,2020,23
3643,2020,24
3644,2020,25
3645,2020,26
3646,2020,27
3647,2021,0
3648,2021,1
3649,2021,2
3650,2021,3
3651,2021,4
3652,2021,5
3653,2021,6
3654,2021,7
3655,2021,8
3656,2021,9
3657,2021,10
3658,2021,11
3659,2021,12
3660,2021,13
3661,2021,14
3662,2021,15
3663,2021,16
3664,2021,17
3665,2021,18
3666,2021,19
3667,2022,0
3668,2022,1
3669,2022,2
3670,2022,3
3671,2022,4
3672,2022,5
3673,2022,6
3674,2022,7
3675,2022,8
3676,2022,9
3677,2022,10
3678,2022,11
3679,2022,12
3680,2022,13
3681,2022,14
3682,2022,15
3683,2022,16
3684,2022,17
3685,2022,18
3686,2022,19
3687,2022,20
3688,2022,21
3689,2022,22
3690,2022,23
3691,2022,24
3692,2022,25
3693,2022,26
3694,2022,27
3695,2023,0
3696,2023,1
3697,2023,2
3698,2023,3
3699,2023,4
3700,2023,5
3701,2023,6
3702,2023,7
3703,2023,8
3704,2023,9
3705,2023,10
3706,2023,11
3707,2023,12
3708,2023,13
3709,2023,14
3710,2023,15
3711,2023,16
3712,2023,17
3713,2023,18
3714,2023,19
3715,2023,20
3716,2023,21
3717,2023,22
3718,2023,23
3719,2023,24
3720,2024,0
3721,2024,1
3722,2024,2
3723,2024,3
3724,2024,4
3725,2024,5
3726,2024,6
3727,2024,7
3728,2024,8
3729,2024,9
3730,2024,10
3731,2024,11
3732,2024,12
3733,2024,13
3734,2024,14
3735,2024,15
3736,2024,16
3737,2024,17
3738,2024,18
3739,2024,19
3740,2024,20
3741,2024,21
3742,2024,22
3743,2024,23
3744,2025,0
3745,2025,1
3746,2025,2
3747,2025,3
3748,2025,4
3749,2025,5
3750,2025,6
3751,2025,7
3752,2025,8
3753,2025,9
3754,2025,10
3755,2025,11
3756,2025,12
3757,2025,13
3758,2025,14
3759,2025,15
3760,2025,16
3761,2025,17
3762,2025,18
3763,2025,19
3764,2025,20
3765,2026,0
3766,2026,1
3767,2026,2
3768,2026,3
3769,2026,4
3770,2026,5
3771,2026,6
3772,2026,7
3773,2026,8
3774,2026,9
3775,2026,10
3776,2026,11
3777,2026,12
3778,2026,13
3779,2026,14
3780,2026,15
3781,2027,0
3782,2027,1
3783,2027,2
3784,2027,3
3785,2027,4
3786,2027,5
3787,2027,6
3788,2027,7
3789,2027,8
3790,2027,9
3791,2027,10
3792,2027,11
3793,2027,12
3794,2027,13
3795,2027,14
3796,2027,15
3797,2027,16
3798,2027,17
3799,2027,18
3800,2027,19
3801,2027,20
3802,2027,21
3803,2027,22
3804,2027,23
3805,2027,24
3806,2027,25
3807,2027,26
3808,2027,27
3809,2028,0
3810,2028,1
3811,2028,2
3812,2028,3
3813,2028,4
3814,2028,5
3815,2028,6
3816,2028,7
3817,2028,8
3818,2028,9
3819,2028,10
3820,2028,11
3821,2028,12
3822,2028,13
3823,2028,14
3824,2028,15
3825,2028,16
3826,2028,17
3827,2028,18
3828,2028,19
3829,2028,20
3830,2028,21
3831,2028,22
3832,2028,23
3833,2028,24
3834,2028,25
3835,2028,26
3836,2029,0
3837,2029,1
3838,2029,2
3839,2029,3
3840,2029,4
3841,2029,5
3842,2029,6
3843,2029,7
3844,2029,8
3845,2029,9
3846,2029,10
3847,2029,11
3848,2029,12
3849,2029,13
3850,2029,14
3851,2029,15
3852,2029,16
3853,2029,17
3854,2029,18
3855,2029,19
3856,2029,20
3857,2029,21
3858,2029,22
3859,2029,23
3860,2029,24
3861,2029,25
3862,2030,0
3863,2030,1
3864,2030,2
3865,2030,3
3866,2030,4
3867,2030,5
3868,2030,6
3869,2030,7
3870,2030,8
3871,2030,9
3872,2030,10
3873,2030,11
3874,2030,12
3875,2030,13
3876,2030,14
3877,2030,15
3878,2030,16
3879,2030,17
3880,2030,18
3881,2030,19
3882,2030,20
3883,2030,21
3884,2030,22
3885,2030,23
3886,2030,24
3887,2030,25
3888,2030,26
3889,2030,27
3890,2030,28
3891,2030,29
3892,2030,30
3893,2030,31
3894,2030,32
3895,2030,33
3896,2030,34
3897,2031,0
3898,2031,1
3899,2031,2
3900,2031,3
3901,2031,4
3902,2031,5
3903,2031,6
3904,2031,7
3905,2031,8
3906,2031,9
3907,2031,10
3908,2031,11
3909,2031,12
3910,2031,13
3911,2031,14
3912,2031,15
3913,2031,16
3914,2031,17
3915,2031,18
3916,2031,19
3917,2031,20
3918,2031,21
3919,2031,22
3920,2031,23
3921,2031,24
3922,2031,25
3923,2031,26
3924,2031,27
3925,2031,28
3926,2031,29
3927,2032,0
3928,2032,1
3929,2032,2
3930,2032,3
3931,2032,4
3932,2032,5
3933,2032,6
3934,2032,7
3935,2032,8
3936,2032,9
3937,2032,10
3938,2032,11
3939,2032,12
3940,2032,13
3941,2032,14
3942,2032,15
3943,2032,16
3944,2032,17
3945,2032,18
3946,2032,19
3947,2032,20
3948,2032,21
3949,2032,22
3950,2032,23
3951,2032,24
3952,2032,25
3953,2033,0
3954,2033,1
3955,2033,2
3956,2033,3
3957,2033,4
3958,2033,5
3959,2033,6
3960,2033,7
3961,2033,8
3962,2033,9
3963,2033,10
3964,2033,11
3965,2033,12
3966,2033,13
3967,2033,14
3968,2033,15
3969,2033,16
3970,2033,17
3971,2033,18
3972,2033,19
3973,2034,0
3974,2034,1
3975,2034,2
3976,2034,3
3977,2034,4
3978,2034,5
3979,2034,6
3980,2034,7
3981,2034,8
3982,2034,9
3983,2034,10
3984,2034,11
3985,2034,12
3986,2034,13
3987,2034,14
3988,2034,15
3989,2034,16
3990,2034,17
3991,2035,0
3992,2035,1
3993,2035,2
3994,2035,3
3995,2035,4
3996,2035,5
3997,2035,6
3998,2035,7
3999,2035,8
4000,2035,9
4001,2035,10
4002,2035,11
4003,2035,12
4004,2035,13
4005,2035,14
4006,2035,15
4007,2035,16
4008,2035,17
4009,2035,18
4010,2035,19
4011,2035,20
4012,2035,21
4013,2035,22
4014,2035,23
4015,2035,24
4016,2035,25
4017,2035,26
4018,2036,0
4019,2036,1
4020,2036,2
4021,2036,3
4022,2036,4
4023,2036,5
4024,2036,6
4025,2036,7
4026,2036,8
4027,2036,9
4028,2036,10
4029,2036,11
4030,2036,12
4031,2036,13
4032,2036,14
4033,2036,15
4034,2036,16
4035,2036,17
4036,2036,18
4037,2036,19
4038,2036,20
4039,2036,21
4040,2036,22
4041,2036,23
4042,2037,0
4043,2037,1
4044,2037,2
4045,2037,3
4046,2037,4
4047,2037,5
4048,2037,6
4049,2037,7
4050,2037,8
4051,2037,9
4052,2037,10
4053,2037,11
4054,2037,12
4055,2037,13
4056,2037,14
4057,2037,15
4058,2037,16
4059,2037,17
4060,2037,18
4061,2037,19
4062,2037,20
4063,2037,21
4064,2037,22
4065,2037,23
4066,2037,24
4067,2037,25
4068,2037,26
4069,2037,27
4070,2037,28
4071,2037,29
4072,2037,30
4073,2037,31
4074,2038,0
4075,2038,1
4076,2038,2
4077,2038,3
4078,2038,4
4079,2038,5
4080,2038,6
4081,2038,7
4082,2038,8
4083,2038,9
4084,2038,10
4085,2038,11
4086,2038,12
4087,2038,13
4088,2038,14
4089,2038,15
4090,2038,16
4091,2038,17
4092,2038,18
4093,2038,19
4094,2038,20
4095,2038,21
4096,2038,22
4097,2038,23
4098,2038,24
4099,2038,25
4100,2038,26
4101,2038,27
4102,2038,28
4103,2039,0
4104,2039,1
4105,2039,2
4106,2039,3
4107,2039,4
4108,2039,5
4109,2039,6
4110,2039,7
4111,2039,8
4112,2039,9
4113,2039,10
4114,2039,11
4115,2039,12
4116,2039,13
4117,2039,14
4118,2039,15
4119,2039,16
4120,2039,17
4121,2039,18
4122,2039,19
4123,2039,20
4124,2039,21
4125,2039,22
4126,2039,23
4127,2039,24
4128,2039,25
4129,2039,26
4130,2040,0
4131,2040,1
4132,2040,2
4133,2040,3
4134,2040,4
4135,2040,5
4136,2040,6
4137,2040,7
4138,2040,8
4139,2040,9
4140,2040,10
4141,2040,11
4142,2040,12
4143,2040,13
4144,2040,14
4145,2040,15
4146,2040,16
4147,2040,17
4148,2040,18
4149,2040,19
4150,2040,20
4151,2040,21
4152,2040,22
4153,2041,0
4154,2041,1
4155,2041,2
4156,2041,3
4157,2041,4
4158,2041,5
4159,2041,6
4160,2041,7
4161,2041,8
4162,2041,9
4163,2041,10
4164,2041,11
4165,2041,12
4166,2041,13
4167,2041,14
4168,2041,15
4169,2041,16
4170,2041,17
4171,2041,18
4172,2041,19
4173,2041,20
4174,2041,21
4175,2041,22
4176,2041,23
4177,2042,0
4178,2042,1
4179,2042,2
4180,2042,3
4181,2042,4
4182,2042,5
4183,2042,6
4184,2042,7
4185,2042,8
4186,2042,9
4187,2042,10
4188,2042,11
4189,2042,12
4190,2042,13
4191,2042,14
4192,2042,15
4193,2042,16
4194,2042,17
4195,2042,18
4196,2042,19
4197,2042,20
4198,2042,21
4199,2042,22
4200,2042,23
4201,2043,0
4202,2043,1
4203,2043,2
4204,2043,3
4205,2043,4
4206,2043,5
4207,2043,6
4208,2043,7
4209,2043,8
4210,2043,9
4211,2043,10
4212,2043,11
4213,2043,12
4214,2043,13
4215,2043,14
4216,2043,15
4217,2043,16
4218,2043,17
4219,2043,18
4220,2043,19
4221,2043,20
4222,2043,21
4223,2043,22
4224,2043,23
4225,2043,24
4226,2044,0
4227,2044,1
4228,2044,2
4229,2044,3
4230,2044,4
4231,2044,5
4232,2044,6
4233,2044,7
4234,2044,8
4235,2044,9
4236,2044,10
4237,2044,11
4238,2044,12
4239,2044,13
4240,2044,14
4241,2044,15
4242,2044,16
4243,2044,17
4244,2044,18
4245,2045,0
4246,2045,1
4247,2045,2
4248,2045,3
4249,2045,4
4250,2045,5
4251,2045,6
4252,2045,7
4253,2045,8
4254,2045,9
4255,2045,10
4256,2045,11
4257,2045,12
4258,2045,13
4259,2045,14
4260,2045,15
4261,2045,16
4262,2045,17
4263,2045,18
4264,2045,19
4265,2045,20
4266,2045,21
4267,2045,22
4268,2045,23
4269,2045,24
4270,2045,25
4271,2045,26
4272,2046,0
4273,2046,1
4274,2046,2
4275,2046,3
4276,2046,4
4277,2046,5
4278,2046,6
4279,2046,7
4280,2046,8
4281,2046,9
4282,2046,10
4283,2046,11
4284,2046,12
4285,2046,13
4286,2046,14
4287,2046,15
4288,2046,16
4289,2046,17
4290,2046,18
4291,2046,19
4292,2046,20
4293,2046,21
4294,2046,22
4295,2046,23
4296,2046,24
4297,2047,0
4298,2047,1
4299,2047,2
4300,2047,3
4301,2047,4
4302,2047,5
4303,2047,6
4304,2047,7
4305,2047,8
4306,2047,9
4307,2047,10
4308,2047,11
4309,2047,12
4310,2047,13
4311,2047,14
4312,2047,15
4313,2047,16
4314,2047,17
4315,2047,18
4316,2047,19
4317,2047,20
4318,2047,21
4319,2047,22
4320,2047,23
4321,2047,24
4322,2047,25
4323,2047,26
4324,2047,27
4325,2047,28
4326,2047,29
4327,2047,30
4328,2047,31
4329,2047,32
4330,2047,33
4331,2047,34
4332,2047,35
4333,2048,0
4334,2048,1
4335,2048,2
4336,2048,3
4337,2048,4
4338,2048,5
4339,2048,6
4340,2048,7
4341,2048,8
4342,2048,9
4343,2048,10
4344,2048,11
4345,2048,12
4346,2048,13
4347,2048,14
4348,2048,15
4349,2048,16
4350,2048,17
4351,2048,18
4352,2048,19
4353,2048,20
4354,2048,21
4355,2048,22
4356,2048,23
4357,2048,24
4358,2048,25
4359,2048,26
4360,2048,27
4361,2048,28
4362,2049,0
4363,2049,1
4364,2049,2
4365,2049,3
4366,2049,4
4367,2049,5
4368,2049,6
4369,2049,7
4370,2049,8
4371,2049,9
4372,2049,10
4373,2049,11
4374,2049,12
4375,2049,13
4376,2049,14
4377,2049,15
4378,2049,16
4379,2049,17
4380,2049,18
4381,2050,0
4382,2050,1
4383,2050,2
4384,2050,3
4385,2050,4
4386,2050,5
4387,2050,6
4388,2050,7
4389,2050,8
4390,2050,9
4391,2050,10
4392,2050,11
4393,2050,12
4394,2050,13
4395,2050,14
4396,2050,15
4397,2050,16
4398,2050,17
4399,2050,18
4400,2050,19
4401,2050,20
4402,2050,21
4403,2050,22
4404,2050,23
4405,2051,0
4406,2051,1
4407,2051,2
4408,2051,3
4409,2051,4
4410,2051,5
4411,2051,6
4412,2051,7
4413,2051,8
4414,2051,9
4415,2051,10
4416,2051,11
4417,2051,12
4418,2051,13
4419,2051,14
4420,2051,15
4421,2051,16
4422,2051,17
4423,2051,18
4424,2051,19
4425,2051,20
4426,2051,21
4427,2051,22
4428,2051,23
4429,2051,24
4430,2052,0
4431,2052,1
4432,2052,2
4433,2052,3
4434,2052,4
4435,2052,5
4436,2052,6
4437,2052,7
4438,2052,8
4439,2052,9
4440,2052,10
4441,2052,11
4442,2052,12
4443,2052,13
4444,2052,14
4445,2052,15
4446,2052,16
4447,2052,17
4448,2052,18
4449,2052,19
4450,2052,20
4451,2052,21
4452,2052,22
4453,2053,0
4454,2053,1
4455,2053,2
4456,2053,3
4457,2053,4
4458,2053,5
4459,2053,6
4460,2053,7
4461,2053,8
4462,2053,9
4463,2053,10
4464,2053,11
4465,2053,12
4466,2053,13
4467,2053,14
4468,2053,15
4469,2053,16
4470,2053,17
4471,2053,18
4472,2053,19
4473,2053,20
4474,2053,21
4475,2053,22
4476,2053,23
4477,2053,24
4478,2053,25
4479,2053,26
4480,2053,27
4481,2053,28
4482,2054,0
4483,2054,1
4484,2054,2
4485,2054,3
4486,2054,4
4487,2054,5
4488,2054,6
4489,2054,7
4490,2054,8
4491,2054,9
4492,2054,10
4493,2054,11
4494,2054,12
4495,2054,13
4496,2054,14
4497,2054,15
4498,2054,16
4499,2054,17
4500,2054,18
4501,2054,19
4502,2054,20
4503,2054,21
4504,2054,22
4505,2054,23
4506,2054,24
4507,2054,25
4508,2054,26
4509,2054,27
4510,2054,28
4511,2054,29
4512,2054,30
4513,2054,31
4514,2055,0
4515,2055,1
4516,2055,2
4517,2055,3
4518,2055,4
4519,2055,5
4520,2055,6
4521,2055,7
4522,2055,8
4523,2055,9
4524,2055,10
4525,2055,11
4526,2055,12
4527,2055,13
4528,2055,14
4529,2055,15
4530,2055,16
4531,2055,17
4532,2055,18
4533,2055,19
4534,2055,20
4535,2056,0
4536,2056,1
4537,2056,2
4538,2056,3
4539,2056,4
4540,2056,5
4541,2056,6
4542,2056,7
4543,2056,8
4544,2056,9
4545,2056,10
4546,2056,11
4547,2056,12
4548,2056,13
4549,2056,14
4550,2056,15
4551,2056,16
4552,2056,17
4553,2056,18
4554,2056,19
4555,2056,20
4556,2056,21
4557,2056,22
4558,2056,23
4559,2057,0
4560,2057,1
4561,2057,2
4562,2057,3
4563,2057,4
4564,2057,5
4565,2057,6
4566,2057,7
4567,2057,8
4568,2057,9
4569,2057,10
4570,2057,11
4571,2057,12
4572,2057,13
4573,2057,14
4574,2057,15
4575,2057,16
4576,2057,17
4577,2057,18
4578,2057,19
4579,2057,20
4580,2057,21
4581,2057,22
4582,2057,23
4583,2057,24
4584,2057,25
4585,2058,0
4586,2058,1
4587,2058,2
4588,2058,3
4589,2058,4
4590,2058,5
4591,2058,6
4592,2058,7
4593,2058,8
4594,2058,9
4595,2058,10
4596,2058,11
4597,2058,12
4598,2058,13
4599,2058,14
4600,2058,15
4601,2058,16
4602,2058,17
4603,2058,18
4604,2058,19
4605,2058,20
4606,2058,21
4607,2058,22
4608,2058,23
4609,2058,24
4610,2059,0
4611,2059,1
4612,2059,2
4613,2059,3
4614,2059,4
4615,2059,5
4616,2059,6
4617,2059,7
4618,2059,8
4619,2059,9
4620,2059,10
4621,2059,11
4622,2059,12
4623,2059,13
4624,2059,14
4625,2059,15
4626,2059,16
4627,2059,17
4628,2059,18
4629,2059,19
4630,2059,20
4631,2060,0
4632,2060,1
4633,2060,2
4634,2060,3
4635,2060,4
4636,2060,5
4637,2060,6
4638,2060,7
4639,2060,8
4640,2060,9
4641,2060,10
4642,2060,11
4643,2060,12
4644,2060,13
4645,2060,14
4646,2060,15
4647,2060,16
4648,2060,17
4649,2060,18
4650,2060,19
4651,2060,20
4652,2060,21
4653,2060,22
4654,2060,23
4655,2060,24
4656,2061,0
4657,2061,1
4658,2061,2
4659,2061,3
4660,2061,4
4661,2061,5
4662,2061,6
4663,2061,7
4664,2061,8
4665,2061,9
4666,2061,10
4667,2061,11
4668,2061,12
4669,2061,13
4670,2061,14
4671,2061,15
4672,2061,16
4673,2061,17
4674,2061,18
4675,2061,19
4676,2061,20
4677,2061,21
4678,2061,22
4679,2061,23
4680,2061,24
4681,2061,25
4682,2061,26
4683,2061,27
4684,2061,28
4685,2061,29
4686,2061,30
4687,2062,0
4688,2062,1
4689,2062,2
4690,2062,3
4691,2062,4
4692,2062,5
4693,2062,6
4694,2062,7
4695,2062,8
4696,2062,9
4697,2062,10
4698,2062,11
4699,2062,12
4700,2062,13
4701,2062,14
4702,2062,15
4703,2062,16
4704,2062,17
4705,2062,18
4706,2062,19
4707,2062,20
4708,2063,0
4709,2063,1
4710,2063,2
4711,2063,3
4712,2063,4
4713,2063,5
4714,2063,6
4715,2063,7
4716,2063,8
4717,2063,9
4718,2063,10
4719,2063,11
4720,2063,12
4721,2063,13
4722,2063,14
4723,2063,15
4724,2063,16
4725,2063,17
4726,2063,18
4727,2063,19
4728,2063,20
4729,2063,21
4730,2063,22
4731,2063,23
4732,2063,24
4733,2063,25
4734,2063,26
4735,2063,27
4736,2063,28
4737,2063,29
4738,2063,30
4739,2063,31
4740,2063,32
4741,2063,33
4742,2063,34
4743,2063,35
4744,2064,0
4745,2064,1
4746,2064,2
4747,2064,3
4748,2064,4
4749,2064,5
4750,2064,6
4751,2064,7
4752,2064,8
4753,2064,9
4754,2064,10
4755,2064,11
4756,2064,12
4757,2064,13
4758,2064,14
4759,2064,15
4760,2064,16
4761,2064,17
4762,2064,18
4763,2064,19
4764,2064,20
4765,2064,21
4766,2064,22
4767,2064,23
4768,2065,0
4769,2065,1
4770,2065,2
4771,2065,3
4772,2065,4
4773,2065,5
4774,2065,6
4775,2065,7
4776,2065,8
4777,2065,9
4778,2065,10
4779,2065,11
4780,2065,12
4781,2065,13
4782,2065,14
4783,2065,15
4784,2065,16
4785,2065,17
4786,2065,18
4787,2065,19
4788,2065,20
4789,2065,21
4790,2065,22
4791,2065,23
4792,2065,24
4793,2066,0
4794,2066,1
4795,2066,2
4796,2066,3
4797,2066,4
4798,2066,5
4799,2066,6
4800,2066,7
4801,2066,8
4802,2066,9
4803,2066,10
4804,2066,11
4805,2066,12
4806,2066,13
4807,2066,14
4808,2066,15
4809,2066,16
4810,2066,17
4811,2066,18
4812,2066,19
4813,2066,20
4814,2066,21
4815,2066,22
4816,2066,23
4817,2066,24
4818,2066,25
4819,2066,26
4820,2066,27
4821,2066,28
4822,2067,0
4823,2067,1
4824,2067,2
4825,2067,3
4826,2067,4
4827,2067,5
4828,2067,6
4829,2067,7
4830,2067,8
4831,2067,9
4832,2067,10
4833,2067,11
4834,2067,12
4835,2067,13
4836,2067,14
4837,2067,15
4838,2067,16
4839,2067,17
4840,2067,18
4841,2067,19
4842,2067,20
4843,2068,0
4844,2068,1
4845,2068,2
4846,2068,3
4847,2068,4
4848,2068,5
4849,2068,6
4850,2068,7
4851,2068,8
4852,2068,9
4853,2068,10
4854,2068,11
4855,2068,12
4856,2068,13
4857,2068,14
4858,2068,15
4859,2068,16
4860,2068,17
4861,2068,18
4862,2068,19
4863,2069,0
4864,2069,1
4865,2069,2
4866,2069,3
4867,2069,4
4868,2069,5
4869,2069,6
4870,2069,7
4871,2069,8
4872,2069,9
4873,2069,10
4874,2069,11
4875,2069,12
4876,2069,13
4877,2069,14
4878,2069,15
4879,2069,16
4880,2069,17
4881,2069,18
4882,2069,19
4883,2069,20
4884,2069,21
4885,2069,22
4886,2069,23
4887,2069,24
4888,2070,0
4889,2070,1
4890,2070,2
4891,2070,3
4892,2070,4
4893,2070,5
4894,2070,6
4895,2070,7
4896,2070,8
4897,2070,9
4898,2070,10
4899,2070,11
4900,2070,12
4901,2070,13
4902,2070,14
4903,2070,15
4904,2070,16
4905,2070,17
4906,2070,18
4907,2070,19
4908,2070,20
4909,2070,21
4910,2070,22
4911,2070,23
4912,2070,24
4913,2071,0
4914,2071,1
4915,2071,2
4916,2071,3
4917,2071,4
4918,2071,5
4919,2071,6
4920,2071,7
4921,2071,8
4922,2071,9
4923,2071,10
4924,2071,11
4925,2071,12
4926,2071,13
4927,2071,14
4928,2071,15
4929,2072,0
4930,2072,1
4931,2072,2
4932,2072,3
4933,2072,4
4934,2072,5
4935,2072,6
4936,2072,7
4937,2072,8
4938,2072,9
4939,2072,10
4940,2072,11
4941,2072,12
4942,2072,13
4943,2072,14
4944,2072,15
4945,2072,16
4946,2072,17
4947,2072,18
4948,2072,19
4949,2072,20
4950,2072,21
4951,2072,22
4952,2072,23
4953,2072,24
4954,2072,25
4955,2072,26
4956,2072,27
4957,2072,28
4958,2072,29
4959,2073,0
4960,2073,1
4961,2073,2
4962,2073,3
4963,2073,4
4964,2073,5
4965,2073,6
4966,2073,7
4967,2073,8
4968,2073,9
4969,2073,10
4970,2073,11
4971,2073,12
4972,2073,13
4973,2073,14
4974,2073,15
4975,2073,16
4976,2073,17
4977,2073,18
4978,2073,19
4979,2073,20
4980,2073,21
4981,2073,22
4982,2073,23
4983,2073,24
4984,2073,25
4985,2073,26
4986,2073,27
4987,2074,0
4988,2074,1
4989,2074,2
4990,2074,3
4991,2074,4
4992,2074,5
4993,2074,6
4994,2074,7
4995,2074,8
4996,2074,9
4997,2074,10
4998,2074,11
4999,2074,12
5000,2074,13
5001,2074,14
5002,2074,15
5003,2074,16
5004,2074,17
5005,2074,18
5006,2074,19
5007,2074,20
5008,2074,21
5009,2074,22
5010,2074,23
5011,2074,24
5012,2074,25
5013,2074,26
5014,2074,27
5015,2074,28
5016,2075,0
5017,2075,1
5018,2075,2
5019,2075,3
5020,2075,4
5021,2075,5
5022,2075,6
5023,2075,7
5024,2075,8
5025,2075,9
5026,2075,10
5027,2075,11
5028,2075,12
5029,2075,13
5030,2075,14
5031,2075,15
5032,2075,16
5033,2075,17
5034,2075,18
5035,2075,19
5036,2075,20
5037,2075,21
5038,2075,22
5039,2075,23
5040,2075,24
5041,2076,0
5042,2076,1
5043,2076,2
5044,2076,3
5045,2076,4
5046,2076,5
5047,2076,6
5048,2076,7
5049,2076,8
5050,2076,9
5051,2076,10
5052,2076,11
5053,2076,12
5054,2076,13
5055,2076,14
5056,2076,15
5057,2076,16
5058,2076,17
5059,2076,18
5060,2076,19
5061,2077,0
5062,2077,1
5063,2077,2
5064,2077,3
5065,2077,4
5066,2077,5
5067,2077,6
5068,2077,7
5069,2077,8
5070,2077,9
5071,2077,10
5072,2077,11
5073,2077,12
5074,2077,13
5075,2077,14
5076,2077,15
5077,2077,16
5078,2077,17
5079,2077,18
5080,2077,19
5081,2077,20
5082,2077,21
5083,2077,22
5084,2077,23
5085,2077,24
5086,2077,25
5087,2077,26
5088,2077,27
5089,2077,28
5090,2077,29
5091,2077,30
5092,2077,31
5093,2077,32
5094,2077,33
5095,2077,34
5096,2077,35
5097,2078,0
5098,2078,1
5099,2078,2
5100,2078,3
5101,2078,4
5102,2078,5
5103,2078,6
5104,2078,7
5105,2078,8
5106,2078,9
5107,2078,10
5108,2078,11
5109,2078,12
5110,2078,13
5111,2078,14
5112,2078,15
5113,2078,16
5114,2078,17
5115,2078,18
5116,2078,19
5117,2078,20
5118,2079,0
5119,2079,1
5120,2079,2
5121,2079,3
5122,2079,4
5123,2079,5
5124,2079,6
5125,2079,7
5126,2079,8
5127,2079,9
5128,2079,10
5129,2079,11
5130,2079,12
5131,2079,13
5132,2079,14
5133,2079,15
5134,2079,16
5135,2080,0
5136,2080,1
5137,2080,2
5138,2080,3
5139,2080,4
5140,2080,5
5141,2080,6
5142,2080,7
5143,2080,8
5144,2080,9
5145,2080,10
5146,2080,11
5147,2080,12
5148,2080,13
5149,2080,14
5150,2080,15
5151,2080,16
5152,2080,17
5153,2080,18
5154,2080,19
5155,2080,20
5156,2080,21
5157,2080,22
5158,2081,0
5159,2081,1
5160,2081,2
5161,2081,3
5162,2081,4
5163,2081,5
5164,2081,6
5165,2081,7
5166,2081,8
5167,2081,9
5168,2081,10
5169,2081,11
5170,2081,12
5171,2081,13
5172,2081,14
5173,2081,15
5174,2081,16
5175,2081,17
5176,2081,18
5177,2081,19
5178,2081,20
5179,2081,21
5180,2081,22
5181,2081,23
5182,2081,24
5183,2081,25
5184,2081,26
5185,2082,0
5186,2082,1
5187,2082,2
5188,2082,3
5189,2082,4
5190,2082,5
5191,2082,6
5192,2082,7
5193,2082,8
5194,2082,9
5195,2082,10
5196,2082,11
5197,2082,12
5198,2082,13
5199,2082,14
5200,2082,15
5201,2082,16
5202,2082,17
5203,2083,0
5204,2083,1
5205,2083,2
5206,2083,3
5207,2083,4
5208,2083,5
5209,2083,6
5210,2083,7
5211,2083,8
5212,2083,9
5213,2083,10
5214,2083,11
5215,2083,12
5216,2083,13
5217,2083,14
5218,2083,15
5219,2084,0
5220,2084,1
5221,2084,2
5222,2084,3
5223,2084,4
5224,2084,5
5225,2084,6
5226,2084,7
5227,2084,8
5228,2084,9
5229,2084,10
5230,2084,11
5231,2084,12
5232,2084,13
5233,2084,14
5234,2084,15
5235,2084,16
5236,2084,17
5237,2084,18
5238,2084,19
5239,2084,20
5240,2084,21
5241,2084,22
5242,2084,23
5243,2084,24
5244,2084,25
5245,2084,26
5246,2084,27
5247,2084,28
5248,2085,0
5249,2085,1
5250,2085,2
5251,2085,3
5252,2085,4
5253,2085,5
5254,2085,6
5255,2085,7
5256,2085,8
5257,2085,9
5258,2085,10
5259,2085,11
5260,2085,12
5261,2085,13
5262,2085,14
5263,2085,15
5264,2085,16
5265,2085,17
5266,2085,18
5267,2085,19
5268,2085,20
5269,2085,21
5270,2085,22
5271,2085,23
5272,2085,24
5273,2085,25
5274,2085,26
5275,2086,0
5276,2086,1
5277,2086,2
5278,2086,3
5279,2086,4
5280,2086,5
5281,2086,6
5282,2086,7
5283,2086,8
5284,2086,9
5285,2086,10
5286,2086,11
5287,2086,12
5288,2086,13
5289,2086,14
5290,2086,15
5291,2086,16
5292,2086,17
5293,2086,18
5294,2086,19
5295,2086,20
5296,2086,21
5297,2086,22
5298,2086,23
5299,2086,24
5300,2086,25
5301,2086,26
5302,2086,27
5303,2086,28
5304,2087,0
5305,2087,1
5306,2087,2
5307,2087,3
5308,2087,4
5309,2087,5
5310,2087,6
5311,2087,7
5312,2087,8
5313,2087,9
5314,2087,10
5315,2087,11
5316,2087,12
5317,2087,13
5318,2087,14
5319,2087,15
5320,2087,16
5321,2087,17
5322,2087,18
5323,2087,19
5324,2087,20
5325,2087,21
5326,2087,22
5327,2088,0
5328,2088,1
5329,2088,2
5330,2088,3
5331,2088,4
5332,2088,5
5333,2088,6
5334,2088,7
5335,2088,8
5336,2088,9
5337,2088,10
5338,2088,11
5339,2088,12
5340,2088,13
5341,2088,14
5342,2088,15
5343,2088,16
5344,2088,17
5345,2088,18
5346,2088,19
5347,2088,20
5348,2088,21
5349,2089,0
5350,2089,1
5351,2089,2
5352,2089,3
5353,2089,4
5354,2089,5
5355,2089,6
5356,2089,7
5357,2089,8
5358,2089,9
5359,2089,10
5360,2089,11
5361,2089,12
5362,2089,13
5363,2089,14
5364,2089,15
5365,2089,16
5366,2089,17
5367,2089,18
5368,2089,19
5369,2089,20
5370,2089,21
5371,2089,22
5372,2089,23
5373,2089,24
5374,2089,25
5375,2090,0
5376,2090,1
5377,2090,2
5378,2090,3
5379,2090,4
5380,2090,5
5381,2090,6
5382,2090,7
5383,2090,8
5384,2090,9
5385,2090,10
5386,2090,11
5387,2090,12
5388,2090,13
5389,2090,14
5390,2090,15
5391,2090,16
5392,2090,17
5393,2090,18
5394,2090,19
5395,2090,20
5396,2091,0
5397,2091,1
5398,2091,2
5399,2091,3
5400,2091,4
5401,2091,5
5402,2091,6
5403,2091,7
5404,2091,8
5405,2091,9
5406,2091,10
5407,2091,11
5408,2091,12
5409,2091,13
5410,2091,14
5411,2091,15
5412,2091,16
5413,2091,17
5414,2091,18
5415,2091,19
5416,2091,20
5417,2091,21
5418,2091,22
5419,2092,0
5420,2092,1
5421,2092,2
5422,2092,3
5423,2092,4
5424,2092,5
5425,2092,6
5426,2092,7
5427,2092,8
5428,2092,9
5429,2092,10
5430,2092,11
5431,2092,12
5432,2092,13
5433,2092,14
5434,2092,15
5435,2092,16
5436,2092,17
5437,2092,18
5438,2092,19
5439,2092,20
5440,2093,0
5441,2093,1
5442,2093,2
5443,2093,3
5444,2093,4
5445,2093,5
5446,2093,6
5447,2093,7
5448,2093,8
5449,2093,9
5450,2093,10
5451,2093,11
5452,2093,12
5453,2093,13
5454,2093,14
5455,2093,15
5456,2093,16
5457,2093,17
5458,2093,18
5459,2093,19
5460,2093,20
5461,2093,21
5462,2093,22
5463,2094,0
5464,2094,1
5465,2094,2
5466,2094,3
5467,2094,4
5468,2094,5
5469,2094,6
5470,2094,7
5471,2094,8
5472,2094,9
5473,2094,10
5474,2094,11
5475,2094,12
5476,2094,13
5477,2094,14
5478,2094,15
5479,2094,16
5480,2094,17
5481,2094,18
5482,2094,19
5483,2094,20
5484,2094,21
5485,2094,22
5486,2094,23
5487,2094,24
5488,2094,25
5489,2094,26
5490,2094,27
5491,2095,0
5492,2095,1
5493,2095,2
5494,2095,3
5495,2095,4
5496,2095,5
5497,2095,6
5498,2095,7
5499,2095,8
5500,2095,9
5501,2095,10
5502,2095,11
5503,2095,12
5504,2095,13
5505,2095,14
5506,2095,15
5507,2095,16
5508,2095,17
5509,2095,18
5510,2095,19
5511,2095,20
5512,2095,21
5513,2095,22
5514,2095,23
5515,2095,24
5516,2095,25
5517,2095,26
5518,2096,0
5519,2096,1
5520,2096,2
5521,2096,3
5522,2096,4
5523,2096,5
5524,2096,6
5525,2096,7
5526,2096,8
5527,2096,9
5528,2096,10
5529,2096,11
5530,2096,12
5531,2096,13
5532,2096,14
5533,2096,15
5534,2096,16
